track_id,Name,ai_length,ai_indoor,ai_outdoor,reasoning
1974,Club Straight,,False,False,"The provided WEBSITE CONTENT is for 'Highland Club Scotland', a self-catering holiday apartment complex, and does not mention 'Club Straight' or any karting facility. The 'CUSTOMER REVIEWS' section was empty. Therefore, no data about a karting track could be extracted."
188,Indy Kart,550.0,True,False,"The website explicitly states: 'Der Rundkurs auf Industrieboden ist ca. 550 m lang und führt über Tunnel und Rampen durch zwei Hallen.' Reviews confirm it is an indoor track and describe it as 'varied' and 'quite long', supporting the website's claims."
2340,Mini Racing Team Uden,,True,False,"Customer reviews mention 'slot car racing' which implies an indoor track. The reviews state 'they have two great tracks', both for slot car racing. No information regarding track length or whether they are multilevel. The website content provided is empty, leading to low confidence as the information is scarce and specific to slot car tracks, not explicitly karting tracks."
189,AMC Ehingen,,False,True,"The website mentions 'WINTERPAUSE' (winter break) and 'Saisonbeginn ist wieder im März 2026!' (Season starts again in March 2026!), along with 'Aktuelle Tagesinfos - wie bei schlechtem Wetter', which strongly indicates an outdoor track operating seasonally. No explicit track length is provided on the website. The review mentions 'cool little ride' but gives no specific measurements. There is no information in either source to suggest a multilevel track, so it's assumed to be single-level."
660,Selest’Kart-IN,300.0,True,False,The website explicitly states: 'Une piste couverte de 300 mètres agrée par la Fédération Française de Sport Automobile'. The term 'couverte' confirms it is indoor. There is no mention of an outdoor or multi-level track.
1919,TeamSport Watford,500.0,True,False,The website explicitly states '500m track' multiple times and refers to 'indoor go-karting' and a track 'stretches across two intense levels' or 'Multi-Level track'. Customer reviews also mention 'dual level' or 'circuit was over two floors' and imply an indoor setting ('inside large space'). There is no mention of an outdoor track.
2349,Salle Odette Simonneau,,True,False,"The customer review describes the location as a 'multi-purpose room with a space dedicated to cultural events', which implies an indoor facility. No specific details about a karting track, its length, or features were provided in either the (empty) website content or the review itself. The attribution of 'karting facility' relies solely on the prompt's premise, as the content provided does not support it directly."
2015,Go Karts,,True,False,"Track length and multilevel information is not available in the provided website content or customer reviews. 'is_indoor' is confirmed by a review explicitly stating 'indoors so brilliant in wet weather'. 'is_outdoor' is set to false as no mention of an outdoor track is found, and the 'indoors' comment suggests it's an indoor-only facility."
724,Karting Cap Malo,,True,False,"The website repeatedly states 'Piste indoor' and 'Karting indoor', and mentions 'toujours au sec' (always dry). No outdoor track is mentioned. No specific track length was provided in either source. The website mentions 'La piste en 3D', which could imply a multi-level design or simply a virtual representation; due to this ambiguity and lack of explicit confirmation, 'is_multilevel' is set to false with medium confidence."
685,Funlab,,True,False,"The website mentions 'electric karts' and 'daily cleaning of the track and karts', which implies a controlled indoor environment. Customer reviews explicitly describe an 'augmented reality go-kart track' ('BattleKart') where the track 'transforms', a concept that requires an indoor setting for projection technology. This strong evidence for an indoor track and the nature of the activity implies it is not outdoor. There is no information in either source to suggest the track is multilevel or to provide a specific length in meters. The confidence for indoor/outdoor is high, while for length and multilevel it is low due to lack of explicit data."
1836,G-Force Karting,500.0,False,True,The Website Content explicitly states 'G-force Karting is an outdoor karting circuit that measures 500m (approx) in length' and refers to itself as 'South Wales Premier Outdoor Karting Venue'. Customer reviews indirectly support it being outdoor by mentioning 'weather dried up'. There is no mention of the track being multilevel in either source.
1928,Pedal Karts,,True,False,"No specific track length is mentioned. The facility is described as using 'virtual scenery and bonuses projected on the ground' and reviews confirm 'the virtual floor'. This, combined with year-round opening hours, a lack of helmet requirement, and descriptions of a 'center' with seminar rooms and arcade areas, strongly indicates an indoor facility. There is no mention of outdoor or multi-level tracks."
2,A15 Karting,,True,False,"Track length is not mentioned in either source. Reviews explicitly state '2 floors' and 'a level', indicating a multilevel indoor track. No information suggests an outdoor component."
1,Karting: Circuit Park Berghem,,False,True,"The website explicitly mentions 'OUTDOOR KARTEN' and 'OUTDOOR RACE CIRCUIT'. Customer reviews also refer to it as a 'great outdoor track'. There is no mention of track length, indoor facilities, or a multilevel layout in either source."
2358,Esport Virtual Arena,,True,False,"The provided content describes 'Esport Virtual Arena' as a VR arena, not a physical karting facility. It mentions 'arènes de 500 m²' which refers to the area of the physical space for the VR experience, not a track length. The facility is consistently referred to as an 'Esport VR room' ('salle d'Esport VR') and an 'arena', indicating it is an indoor venue. There is no mention of outdoor activities or multiple physical levels; the description 'déplacez vous sur toute la surface disponible' suggests a single, open level for free movement within the arena."
47,SHW - Kartbaan Strijen,650.0,False,True,"The website explicitly states the track length as '650 meter'. The website mentions 'het complete asfalt vervangen' and is open 'op zaterdag en zondag', which strongly indicates an outdoor track. There is no information in either source to suggest an indoor or multilevel track."
1610,Rye House Kart Raceway,,False,True,"The website describes the karting as a 'historic racing circuit' and promotes 'Laser Combat' as an 'Exciting Indoor Activity,' implying karting is not indoor. Customer reviews explicitly state issues with racing 'after dark as the lights are not the best' and 'when it rains as it turns into a ice rink on the racing track,' which are definitive indicators of an outdoor track. There is no information about the track being multi-level or its specific length."
287,Kartsporthalle,,False,True,"Track length is not mentioned in either the website content or customer reviews. Customer reviews explicitly state, 'if it rains, bring a second pair of trousers and socks as it takes place outdoors,' indicating it is an outdoor track and not an indoor one. There is no information suggesting a multilevel track."
1737,TeamSport Harlow,500.0,True,False,The website explicitly states: 'This 500m multi-level circuit' and has sections titled 'CONQUER HARLOW'S STATE-OF-THE-ART GO KARTING CIRCUIT' which further details '500M TRACK' and 'MULTI-LEVEL'. It also refers to the facility as 'TeamSport Harlow indoor go karting track'. No mention of an outdoor track.
2341,Manege Simonshaven,,False,False,"The provided website content and customer reviews exclusively describe an equestrian center named 'Hippisch Centrum Simonshaven' (a horse riding school and stable), not a karting facility. There is no mention of go-karts, karting, or a karting track. Therefore, no data regarding a karting track's length, indoor/outdoor status, or multi-level features can be extracted."
402,Kinderkart,,False,True,"Track length is not mentioned in the provided website content or reviews. 'is_indoor' is false as there is no mention of an indoor track or facility; conversely, the reference to 'Asphaltwirtin' (implying an asphalt surface) and the link to 'Wetter Niedergörsdorf' (Weather Niedergörsdorf) strongly suggest an outdoor track where weather conditions are relevant. The location 'Direkt am Flugplatz Niedergörsdorf gelegen' also implies an open-air environment, thus 'is_outdoor' is true. 'is_multilevel' is false as there is no mention of multiple levels, bridges, tunnels, or elevation changes."
253,Cockpit Kartarena,,True,True,"The track length is not mentioned in the provided website content or customer reviews. Multiple reviews consistently describe the track as having both indoor and outdoor sections: 'in good weather, it's partially open, giving the ride a special feel, and when it rains, the track is completely indoors', a 'fun hybrid track', and 'the change between indoor and outdoor is super exciting'. There is no mention of multiple levels, bridges, or vertical elevation changes that would suggest a multi-level design."
2295,TeamSport High Wycombe,500.0,True,False,"The website explicitly states '500M MULTI-LEVEL TRACK' and refers to it as an 'INDOOR GO KARTING TRACK' located within the Eden Shopping Centre. Reviews also describe the track as 'like a roller coaster' and mention a 'rollercoaster downhill drop!', reinforcing the multi-level nature. There is no mention of an outdoor track."
323,GPN Grand-Prix-Niederrhein,460.0,True,False,"The website explicitly states '460m langen Rennstrecke' for the track length. It repeatedly mentions 'Indoor Karts' and 'Indoor-Kartbahn', confirming it is an indoor facility. There is no mention of an outdoor track. No information is provided about the track being multi-level, so it is assumed not to be."
1630,TeamSport Edmonton,800.0,True,False,The website explicitly states the track is an '800m multi-level go kart track' and an 'epic 800m multi-level circuit with a built-in flyover'. It also consistently refers to the facility as an 'indoor go karting track'.
1687,Brentwood Karting,825.0,False,True,The 'International Circuit' subpage and 'About' subpage both explicitly state the main adult track (International Race Circuit) is 825 meters long. The website frequently describes the facility as 'Outdoor & All Weather Karting' and 'outdoor go karting race track'. There is no mention of an indoor or multi-level track.
1324,Descente du karting,900.0,False,True,The website explicitly states: 'Devour the asphalt at full speed on the large 900 meter track of the Circuit de Cabourg'. The reference to 'asphalt' and 'circuit' strongly indicates an outdoor track. No information regarding an indoor or multi-level track was found.
638,Stras Kart,400.0,True,False,Website (main page and 'Notre Piste' subpage) consistently states '400m'. The track is explicitly described as 'indoor' on multiple website pages and in reviews. The website (main page and 'Notre Piste' subpage) clearly states it is 'multi-niveaux' ('two levels') with a 'tunnel et un pont' (tunnel and bridge).
178,Kart & Fun Kartbahn Neckartenzlingen,,True,False,"The website explicitly calls itself 'KART & FUN IST DEINE INDOOR KARTBAHN' and 'Indoor Kartbahn' multiple times, confirming 'is_indoor'. Customer reviews also refer to it as a 'great indoor go-kart track!'. No information on track length is provided in either source. No mention of an outdoor track or multiple levels was found, leading to 'is_outdoor' and 'is_multilevel' being false based on absence of evidence and consistent 'Indoor' branding."
2354,Virtual room,,True,False,"The provided content clearly describes 'Virtual Room' as a Virtual Reality collaborative game/escape room facility ('1ère salle de réalité virtuelle', 'vr experience', 'escape game', 'vr headsets'). It is not a karting facility with a physical track. Therefore, track-specific metrics like length and multilevel are not applicable. The term 'salle' (room/hall) on the website, combined with the nature of a VR experience, confirms it is an indoor facility."
1606,Absolutely Karting,,True,False,"Track length is not specified in meters on the website or in reviews. The website explicitly states 'DOUBLE-LEVEL TRACK' and features like 'Glow Karting', 'lounge area', 'party rooms', and 'snack bar' along with fixed opening times strongly suggest an indoor facility. Reviews also describe indoor characteristics such as 'clean and vibrant decor', 'refreshment sales', 'lockers', and 'family uv session'. There is no mention of an outdoor track in either source."
27,Kart Centre Roosendaal,,True,False,"The facility is named 'Playdôme Roosendaal,' strongly implying an indoor complex. The majority of other activities listed (bowling, laser tag, escape rooms) are typically indoor. Customer reviews also mention a 'nicely themed building / halls'. There is no mention of an outdoor kart track; outdoor elements like 'Zomeractiviteiten' and 'Biergarten' appear to be separate areas. No information about track length or whether it is multilevel was provided."
1714,M4 Karting,268.0,True,False,"The website's 'The Circuit' section explicitly states '268m Length'. The address 'Hangar 88' strongly implies an indoor facility, and there is no information indicating an outdoor or multi-level track in either the website content or customer reviews."
218,Kartbahn CalaRace,450.0,True,False,The website explicitly states '450 m langen Indoor Kartbahn' and that it features karts 'auf zwei Ebenen'. A customer review also confirms the track is 'auf zwei Ebenen Fahrbahn'. There is no mention of an outdoor track.
24,Modelautoclub De Baanbrekers,,False,True,"The website explicitly states the facility has a 'permanent asfalt circuit' (permanent asphalt circuit) 'speciaal voor het rijden met radiografisch bestuurbare auto's' (specifically for driving radio-controlled cars), which indicates an outdoor track. No information regarding track length, indoor facilities, or multilevel design was found in either the website content or customer reviews."
2421,F1 Box,,True,False,"The facility, 'F1 Box', offers F1 racing simulators ('12 full motion F1® simulators', 'racing games', 'authentic simulators'), not a physical karting track. Therefore, a physical track length is not applicable and no virtual track lengths are provided, hence 'length_meters' is null. The facility is located inside Westfield Stratford City, a shopping mall, and described as an 'immersive audio-visual experience' within a 'state-of-the-art video and lighting portal', indicating an indoor environment ('is_indoor': true). There is no information in either source to suggest any outdoor ('is_outdoor': false) or multilevel ('is_multilevel': false) components for the simulator setup or virtual tracks."
228,Geschicklichkeits-Kartbahn,,True,False,"The website explicitly states the company name as 'RS Speedworld Indoor-Karting GmbH', confirming it is an indoor facility. There is no mention of an outdoor track; the 'Außenanlage' refers to an outdoor area for the bistro. No specific track length in meters is provided. There is also no information indicating the track is multilevel; the 'new track layout every month' refers to reconfigurations of the track design, which typically occur on a single level."
521,Kartarena,2500.0,True,True,"The website explicitly states a 'Streckenlänge' (track length) of '2500m' and details an 'Indoor-Strecke' of '1.300m' and an 'Outdoor-Strecke' of '1.200m', which sum to 2500m. This is corroborated by multiple reviews mentioning 'indoor and outdoor sections' and one specifically stating 'a maximum length of approximately 2,500 meters'. There is no information in either source to indicate a multilevel track."
470,Motor Sport Weis - Kartbahn Büren,,False,True,"Track length is not mentioned in either source. 'is_indoor' is false as there's no evidence for it; 'is_outdoor' is true based on reviews mentioning 'good asphalt', 'long straights', and users bringing 'their own kart', along with reference to a 'permit process' which often applies to outdoor facilities. 'is_multilevel' is false as there is no description indicating multiple levels."
686,Karting de Chartres,420.0,True,False,The website's 'Notre Piste' subpage explicitly states '420 mètres d'adrénaline !' and 'piste fluide et dynamique de 420m'. It also clearly states it is an 'indoor' track and has 'Deux niveaux avec un pont et un tunnel'.
2420,Virtual Golf Lounge,,,,"No data available (scrape failed, no reviews)"
181,Dickarting,,,,"No data available (scrape failed, no reviews)"
1597,Supakart,800.0,True,True,"The website explicitly states '800 METRES OF ADRENALINE FUELLED FUN'. It also mentions being 'Newport's number one indoor go karting centre' and 'indoor race karts', while separately stating 'As well as our outdoor section' and 'Now OPEN !! Outdoor track section'. Multi-level status is confirmed by 'MULTI-LEVEL TRACK WITH FIGURE OF 8, BANKED BENDS, HAIRPINS AND FLYOVER', '2 layer track', 'tunnel', and '450ft bridge with crossover'."
1660,Rayleigh Go Karting,,,,"No data available (scrape failed, no reviews)"
2297,TeamSport Basildon,500.0,True,False,The website explicitly states '500M TRACK' and refers to the facility as an 'INDOOR GO KARTING TRACK'. It also mentions 'MULTI-LEVEL'. Customer reviews confirm 'the addition of 2 levels' and generally describe an indoor setting.
7,Planet Awesome,,True,False,"The website explicitly mentions a 'multi-level kartbaan' (multi-level kart track). The context describes an 'ultieme entertainment center' with various indoor activities, indicating an indoor facility. No information about track length or outdoor tracks was found."
1599,Rissington Kart Club,,False,True,"Track length is not mentioned in any provided text. There is no information suggesting an indoor or multilevel track. The presence of 'marshalling', 'official races' (dating back to 1964), and directions involving a 'country lane' and 'airbase' strongly indicate an outdoor track. Confidence is Low due to the absence of explicit data for length and multilevel status."
306,Kartcity,,True,True,"Track length is not mentioned in either the website content or customer reviews. The presence of an 'indoor track' is explicitly mentioned in multiple reviews ('the indoor track has a great layout', 'the indoor track offers excellent grip') and implicitly supported by a comment on 'air quality deteriorated after just a few races'. The existence of an 'outdoor course' is explicitly mentioned in one review ('fantastic indoor and outdoor course') and implicitly supported by a 'the track was wet' comment. There is no mention of a multi-level track; one review stating the track 'offers no surprises' and is 'easy to manage, even for beginners' suggests it is not multi-level."
2129,Pit Bend,,,,"The provided WEBSITE CONTENT and CUSTOMER REVIEWS are for 'Rutland Water Park' and its associated activities (walking, cycling, watersports, aqua park, fishing, etc.). There is no mention of a karting facility named 'Pit Bend' or any details about a karting track in either source."
1591,Karting Worcester,,False,True,"The website explicitly states 'outdoor karting circuit' and 'outdoor racing'. It also describes the circuit as having 'a mix of cambers and challenging corners, including a swooping downhill section', strongly indicating elevation changes and thus a multilevel design. The specific track length in meters is not provided on the website or in reviews."
2247,Grampian Kart Club,,False,True,"Track length and whether it is multilevel are not mentioned in either the website content or customer reviews. 'is_indoor' is inferred as false and 'is_outdoor' as true based on strong contextual clues from the website: the types of events listed ('PRE-SEASON TEST DAY', 'BDOC ROUNDS'), the mention of 'PADDOCK NEWS', and the location 'Boyndie Drome' (a common term for an airfield or open track), all strongly indicate an outdoor facility. No information suggests an indoor or multilevel track."
415,Mini-Lausitzring,,,,"The provided website content and customer reviews refer exclusively to 'DEKRA Lausitzring', a large motor racing circuit, and do not contain any specific information about a 'Mini-Lausitzring' or a dedicated karting facility. Therefore, no precision data (track length, indoor/outdoor status, or multi-level status) for 'Mini-Lausitzring' could be extracted from the given sources."
234,GO102,,False,True,"Customer reviews explicitly state 'if it rains, bring a second pair of trousers and socks as it takes place outdoors,' confirming it is an outdoor track. The website also provides a 'Wetter Niedergörsdorf' link and mentions the location 'Direkt am Flugplatz Niedergörsdorf gelegen' (directly at Niedergörsdorf airfield), supporting an outdoor setting. No information about track length or multi-level design was found in either source."
301,Spreewaldring Kartcenter,800.0,True,True,"The website explicitly states the track length as '800 Meter lange Go Kart Bahn' multiple times. The facility is clearly identified as an 'Outdoor-Kartbahn' throughout the website. However, the 'Scudi-Kart-Cup 2026' event description also mentions 'Monatliches Kartfahren für bis zu 40 Personen auf Indoor- und Außenbahnen', indicating that indoor track options are available at the facility for events. There is no mention of the track being multilevel in either source."
235,Kartbahn B68,,True,False,"The track length is not explicitly mentioned in either the website content or customer reviews. 'Is_indoor' is inferred as 'true' due to a review mentioning operation on 'Saturday evening around 7:30 p.m.', which is a common operating time for indoor karting facilities, especially in Germany, and there are no mentions of weather impacting the experience. Consequently, 'is_outdoor' is inferred as 'false'. There is no information in either source to suggest the track is multilevel, so 'is_multilevel' is set to 'false'. All determinations are based on indirect clues or absence of information, leading to low confidence."
191,All-Kart,,True,False,"The website explicitly calls itself a 'Hallenkartbahn' (indoor kart track) multiple times and refers to the building as 'Karthalle'. There is no mention of track length or being multilevel. An 'Außengelände' (outdoor area) is mentioned, but only for a flea market, not for karting."
4,Bleekemolens Race Planet Delft,,True,False,"Website content provides no specific track details for Delft. Customer reviews describe the track as 'pretty small'. Its indoor nature is inferred from the absence of outdoor descriptions and the mention of a 'top floor' within the facility. The 'is_multilevel' status is based on a review stating 'for children on the top floor there are cars', strongly suggesting a multi-level indoor karting track."
20,Van der Ende racing Inn,1200.0,True,False,"The website explicitly states: 'De kartbaan is maar liefst 1,2 kilometer lang met bruggen, verhogingen en meer dan 25 bochten!' and 'Karten op de grootste indoorkartbaan van Europa'. Reviews corroborate the 'two levels/floors' aspect."
1881,Daytona Motorsport,1360.0,False,True,"The website explicitly states the 'International Circuit' (main adult track) is '1,360 metre outdoor track'. It is repeatedly referred to as an 'outdoor go-karting track'. While an 'uphill straight' is mentioned, there is no description or indication of a multilevel design (e.g., bridges or tunnels where one track section passes over another)."
2414,Simply Race,,True,False,"The provided content clearly indicates 'Simply Race' is a sim racing facility, not a physical karting track. It offers a 'huge selection of tracks' (virtual), therefore there is no single physical track length. Simulators are inherently an indoor activity. There is no information suggesting an outdoor component or a multi-level layout for a physical track or the sim facility itself."
654,Karting Monéteau,360.0,True,False,"The website, specifically the 'Le circuit' subpage, states 'Sur notre piste de karting couvert de 360 mètres', directly providing the length and confirming it's indoor. The entire website focuses on 'Karting Indoor' at the Auxerre location, with no mention of an outdoor track for karting. There is no information provided about the track being multi-level."
41,Kartbaan Driebergen,750.0,False,True,The website explicitly states 'De baan is 750 meter lang' and 'Kartcircuit Driebergen is een buitenbaan'. There is no mention of multilevel features on the track.
736,Karting & Quad Auxerre,360.0,True,False,The website subpage 'Le circuit' explicitly states: 'Sur notre piste de karting couvert de 360 mètres'. It also repeatedly specifies 'KARTING INDOOR' and 'centre couvert'. There is no mention of an outdoor karting track; the quad activity is at a different location (Augy). No information in either source suggests a multilevel track.
1813,Anglia Indoor Karting,,True,False,"The facility's name is 'Anglia Indoor Karting,' and several reviews explicitly refer to it as an 'indoor karting experience,' confirming it is an indoor track. Neither the website nor reviews mention an outdoor track. No specific track length in meters was found. One review describes the 'trail' as having 'descents, climbs, and turns with different angles,' which strongly suggests a multi-level track."
162,Indoor Kartbahn Werther,500.0,True,False,The website explicitly states '500 m Rennasphalt' and repeatedly refers to itself as 'Indoor Kartbahn Werther'. There is no mention of an outdoor track or multiple levels in the provided content.
629,C.P. Quad Loisirs,,False,False,"The provided website content is empty. Customer reviews describe 'hikes' and 'walks' in an 'incredible setting' and do not mention any karting track, its length, or any specific features like being indoor, outdoor, or multilevel. The available data does not support the existence or characteristics of a karting track."
2184,Shenington Kart Racing Club,1211.0,False,True,"The website explicitly states two configurations: 'a 1018-meter layout for direct drive karts and an extended 1211-meter circuit for gearbox classes'. The 1211m track is chosen as the main adult track as it's 'extended' and for 'gearbox classes'. The facility is located at 'Edgehill Airfield circuit' (website) and reviews mention 'camping' and 'high speed straights', strongly indicating an outdoor track. No information from either source suggests it is indoor or multi-level."
17,Triopsys,,,,"The provided 'WEBSITE CONTENT' is for 'ICT TriOpSys', an IT company specializing in mission-critical IT systems, and contains no information about a karting facility or its tracks. The 'CUSTOMER REVIEWS' section is empty. Therefore, no data regarding a karting track could be extracted from the provided sources for 'Triopsys'."
18,Kartfabrique,,True,False,"The track length is not explicitly mentioned on the website or in customer reviews. The facility name 'Kartfabrique' (factory/building) and its urban/industrial address (Westkanaaldijk 7, 3542 DA, Utrecht) strongly imply an indoor setting for all activities, including karting, with no mention of an outdoor track. While the website mentions a 'GAME-ARENA OP DRIE VERDIEPINGEN', this is specifically for Lasergamen, not for the karting track itself, and reviews do not suggest a multi-level kart track."
2343,HV Fortissimo,,,,"The provided WEBSITE CONTENT is for 'HV Fortissimo', which is clearly a handball club based on the extensive mentions of 'handbal', 'teams', 'trainingstijden', and 'activiteiten' related to handball. There is no information about a karting facility, tracks, length, or any related keywords. The CUSTOMER REVIEWS section is empty. Therefore, no data regarding a karting track could be extracted from the given sources."
168,sport kart Münster,,True,False,"The website states 'DEINE KARTBAHN FÜR JEDES WETTER' (Your kart track for all weather), which strongly indicates an indoor facility. There is no specific mention of track length or whether it is multi-level in the website content or customer reviews. One review vaguely implies the track might be shorter compared to another facility ('they have a longer track'), but no specific length is provided."
1825,TeamWorks Karting Letchworth,,True,False,"The website explicitly states 'Indoor Karting for all ages' and 'The best indoor karting in Hertfordshire'. There is no mention of track length, outdoor karting, or multi-level features in either the website content or the customer reviews."
505,BattleKart Halle-Leipzig,,True,False,"Track length is not specified in meters or any other unit on the website or in the reviews. The facility is explicitly described as an 'indoor arena' and 'huge, fully equipped hall' in reviews, and the website's description of 'auf den Boden projizierten Boni' (bonuses projected onto the floor) strongly implies an indoor setting. There is no mention of an outdoor track or any multi-level track features in either source; the projection concept further suggests a single-level track."
49,De Landsard,,False,True,"No specific track length in meters was found in either the website content or the customer reviews. The website explicitly refers to 'De Landsard Outdoor kartcircuit' and distinguishes 'outdoor karten' from 'indoor sim racen', indicating that karting itself is only outdoor. No information was found to suggest the kart track is multilevel."
327,RC-Cartbahn,,True,False,"The company name 'RS Speedworld Indoor-Karting GmbH' explicitly states it's an indoor facility. An 'Außenanlage' (outdoor area) is mentioned for the bistro, but not as an outdoor track, supporting 'is_outdoor: false'. No information regarding track length or multiple levels (bridges, tunnels, etc.) was found in the provided content, making these 'null' or 'false'."
23,Hezemans Karting,650.0,True,False,"The website explicitly states the track length as '650 meter' and identifies the facility as 'Hezemans Indoor Karting'. It also mentions a key feature: 'dit circuit wel twee verdiepingen heeft' (this circuit has two floors). Customer reviews corroborate the multi-level aspect, with one stating 'de baan ook schuine hellingen had waardoor je omhoog en omlaag kunt rijden'."
592,Bahn 2 (gelb),,,,The provided 'WEBSITE CONTENT' and 'CUSTOMER REVIEWS' are exclusively about 'Deutsche Bahn' (German Railway) and contain no information pertaining to a karting facility named 'Bahn 2 (gelb)' or any karting track data.
1669,Lakeside Karting,900.0,False,True,"The website explicitly states 'FLOODLIT, OUTDOOR & ALL WEATHER KARTING' and 'outdoor go karting race track'. A customer review directly mentions 'a great 900m circuit' for the main track. No information was found in either source to suggest an indoor or multi-level track."
1616,Teamsport Karting,500.0,True,False,"The website explicitly states '500M TRACK' multiple times. It also mentions 'multi-level track' and 'TeamSport Indoor Karting Cardiff', clearly indicating it's an indoor and multi-level facility."
2294,Teamsport London Docklands,800.0,True,False,The website explicitly states the track is 'over a staggering 800m' and 'This massive 800m tarmac circuit'. It also refers to itself as 'TEAMSPORT LONDON DOCKLANDS INDOOR GO KARTING TRACK' and highlights a 'Multi-Level track experience' with a 'mezzanine'.
1645,TeamSport Bristol,800.0,True,False,"The website explicitly states an '800M TRACK', describes it as a 'multi-level state-of-the-art indoor track' with '10 hair-raising bends and plenty of challenges across two levels', and a 'superb 800m split-level track'. Customer reviews also confirm it as an 'indoor go karting' facility."
15,Kartbaan Duiven,,True,False,"Customer reviews explicitly state that Kartbaan Duiven offers an 'indoor karting experience' and repeatedly describe the track as having 'two levels' with 'challenging turns and elevation changes' and 'coming down from the upper level'. There is no information provided in either the website content or the customer reviews about the specific length of the track in meters, nor is there any mention or suggestion of an outdoor track."
2260,TeamSport Acton,500.0,True,False,"The website explicitly states 'Multi-level 500m go kart track' multiple times and refers to it as an 'indoor go karting track'. It also mentions 'plenty of level changes' and 'elevations'. Customer reviews corroborate the multi-level nature by mentioning 'difficult to see the main floor track but the downstairs viewing area is clear', implying different track levels within an indoor setting. There is no mention of an outdoor track."
1590,Swindon Karting Arena,268.0,True,False,"The website explicitly states '268m Length' under 'The Circuit' section. The address 'Hangar 88, Hullavington Airfield' strongly implies the track is located inside a hangar, making it an indoor facility. There is no mention of an outdoor track or any features suggesting it is outdoors. There is also no mention of a multilevel track in either the website content or reviews."
2408,F1 Arcade,,,,"Both the website content and customer reviews consistently describe F1 Arcade as a 'simulation racing' facility with 'F1 simulators' and 'sim racing', not a physical karting facility with a track. Therefore, specific data points about a physical track's length, indoor/outdoor status, or multilevel design are not applicable or extractable from the provided text."
1845,Revolution Karting,450.0,False,True,The website explicitly states 'our 450m floodlight track'. It also repeatedly describes the facility as 'outdoor go karting' and 'Central London’s best outdoor karting track'. Customer reviews mentioning 'raced in wet conditions' and 'blistering sun and heat' further confirm it is an outdoor track. There is no mention of the track being multilevel in either source.
1874,TeamSport Dunstable,500.0,True,False,"The website explicitly states '500M TRACK', 'indoor go karting', and 'MULTI-LEVEL' / 'Spread out over two levels of track'. Customer reviews also mention 'the top level', confirming it is multi-level, and 'buzzing atmosphere' which is characteristic of an indoor venue. There is no mention of an outdoor track."
378,Harzer Kart-Center,,,,"The website content provides extensive information about karting services (training, races, license, events) but does not specify the length of the kart track, whether it is an indoor or outdoor facility, or if it features multiple levels. The 1000 sqm mentioned on the website refers to the LaserCity arena, not the kart track itself. No customer reviews were provided to infer this information."
33,Indoor Kartbaan Winterswijk,,True,False,"The facility is named 'Indoor Kartbaan Winterswijk' and the website explicitly mentions 'Indoor E-Karten'. No track length or multi-level features are mentioned, and no outdoor karting options are listed."
617,SpeedPark,,True,False,"Track length is not explicitly mentioned. The website states 'INDOOR leisure world' and specifically 'Kart Indoor' with a 'Piste de kart indoor'. It mentions 'avec pont' (with a bridge), which indicates a multilevel track. There is no mention of an outdoor track."
185,Knatterdrom,900.0,True,True,"Website states 'Eine Gesamt-Rennstrecke von 900 m'. Customer reviews mention 'we only drove indoors (600m)', which refers specifically to the indoor part and supports the overall length from the website. Both sources explicitly mention 'Indoor- und Outdoor-Kartbahn' and confirm the existence of both indoor and outdoor sections. No information regarding a multilevel track was found in either source."
201,Kart Center Hildesheim,,True,False,"The website explicitly states 'Indoorkartbahnen Norddeutschlands' (indoor go-kart tracks of Northern Germany), confirming it's an indoor facility. Reviews corroborate this by mentioning 'water floods the entire hall' during heavy rain, making the 'train unusable'. There is no mention of track length or a multi-level design in either source."
383,Nano-Karts,,True,True,"Track length and multilevel status are unknown as no information was found. The presence of an indoor track is confirmed by multiple reviews (e.g., 'the indoor track has a great layout,' 'modern and fast nitro karts. the indoor track offers excellent grip'). The existence of an outdoor component is indicated by one review mentioning a 'fantastic indoor and outdoor course.'"
704,Nantes Karting NEK,400.0,True,False,"The website explicitly states the track length as '400m' multiple times (e.g., 'Circuit Karting de 400m', 'Un Karting Indoor de 400m'). It is identified as 'karting indoor thermique' on the website, and a review also calls it an 'indoor karting track'. The website mentions 'Une piste de 400m avec tunnel', indicating a multilevel track design."
1840,Rally Karting Centre,,False,True,"Length: No specific track length in meters is mentioned. Is_indoor: Website explicitly mentions 'all terrain circuit', 'Off-road activities', 'mud bath', and 'Subject to weather', clearly indicating an outdoor setting with no mention of indoor facilities. Is_outdoor: Multiple strong indicators on the website confirm an outdoor track ('all terrain circuit', 'Off-road activities', 'mud bath', 'Subject to weather'). Is_multilevel: While described as 'all terrain', implying natural elevation changes, there is no specific mention or description of an engineered multi-level track (e.g., bridges, ramps over track sections)."
278,The Kart Company Emsbüren,870.0,False,True,"The website subpage 'die kartbahn emsbüren' explicitly states 'Länge: 870m'. The main website repeatedly states 'KARTSPORT FINDET DRAUSSEN STATT' (Karting takes place outdoors), which is corroborated by multiple reviews referring to it as an 'outdoor kart track' and 'fantastic speed circuit, beautifully situated'. There is no mention of a multilevel track in either source."
752,Ancienne piste Karting,1350.0,False,True,"The website explicitly states it has 3 tracks, including an 'International (1350m)' track, which is the longest specified. The website also claims to have 'LE PLUS LONG CIRCUIT DE KARTING D’EUROPE'. A customer review from Didier Vau states there are '2 circuits, dont 1 le plus long d'Europe (+ de 2km)', which conflicts with the website's 1350m length for the longest track. However, 1350m is a precise figure for a named track from the official source. There is no mention of indoor facilities, and the descriptions of track length and 'circuit' strongly suggest an outdoor environment. No information indicates a multilevel track."
1621,TeamSport Coventry,500.0,True,False,"The website explicitly states 'RACE ON OUR MULTI-LEVEL 500M GO KART TRACK', 'awesome 500m circuit featuring multiple levels', and 'MULTI-LEVEL'. It also identifies TeamSport as an 'indoor karting operator'. Customer reviews confirm it's indoors, mentioning 'being indoors' and 'very little ventilation, in the building'."
639,City Kart,700.0,True,True,"The website explicitly mentions two tracks: 'KARTING INDOOR ST-SÉBASTIEN' at '500 MÈTRES' and 'KARTING OUTDOOR SAUTRON' at '700 MÈTRES'. The outdoor track is chosen as the 'main adult track' due to its longer length and mention of karts reaching 110 km/h, suggesting a higher performance experience. Both 'is_indoor' and 'is_outdoor' are true as two distinct tracks are present. While the indoor track has a 'virage relevé unique' (unique banked corner), this describes a feature within a single level track, not a multi-level track."
2365,EVA - Esports Virtual Arenas,,True,False,"The provided website content and customer reviews for 'EVA - Esports Virtual Arenas' consistently describe a Virtual Reality gaming facility with a 500 m² free-roaming VR arena, not a physical karting track. Therefore, specific track length and multilevel information is not applicable. The VR arena itself is clearly an indoor facility, supported by website descriptions of 'arène' (arena) and a customer review mentioning 'it's way too hot! open the doors or turn on the air conditioning!'"
1662,Ellough Park Raceway,1100.0,False,True,"The website explicitly states the track length as '1100-metre' and '1100M' multiple times. It is consistently described as an 'outdoor karting track' on the website, and a review mentions 'outdoor karting'. There is no mention of indoor facilities or a multilevel track in either the website content or customer reviews."
666,Tours Kart Indoor,,True,False,The facility name 'TOURS KART INDOOR' explicitly states it is an indoor track. No information regarding track length or whether it is multi-level was found in either the website content or customer reviews. No mention of an outdoor track was found.
2403,Softek Sim,,False,False,"The provided 'WEBSITE CONTENT' is for 'SIMWORX', a company specializing in motion simulation technology and attractions for theme parks, not for a karting facility named 'Softek Sim'. There is no mention of karting, tracks, or any specific track details in the website content. The 'CUSTOMER REVIEWS' section is empty. Therefore, no information about 'Softek Sim's' track could be extracted from the provided data."
1635,Full Throttle Raceway,300.0,True,False,"The website explicitly states 'a massive 300m indoor race track' for the main adult circuit. It consistently describes the facility as 'INDOOR GO-KARTING' and 'weatherproof circuit', confirming it's indoor. The mention of 'one of the UK’s biggest flyovers' and 'one-of-a-kind indoor tunnel' confirms it is a multi-level track. While 'OVER 400M OF TRACK UNDER ONE ROOF' is mentioned, the 300m figure is a direct description of the 'massive indoor race track' for adults, aligning with the instruction to choose the main adult track length."
2411,Snetterton Motor Racing Circuit,4828.0,False,True,"The website explicitly states '300 CIRCUIT 3 MILES' and a customer review corroborates this with 'fun little 3 mile circuit.' 3 miles converts to 4828 meters. The entire context (car/bike track days, race championships, viewing banks, rain delays, 'flat' description) indicates an outdoor, single-level circuit, with no mention of indoor or multi-level tracks."
1254,Kartings à Pédales,1150.0,False,True,"The website explicitly states, 'Nous avons une piste de développement de 1150m x 7,5m' and 'un tracé de 1150 m'. It also repeatedly refers to the track as 'extérieur' (outdoor) and 'Piste de karting extérieure', with no mention of an indoor or multilevel track."
1787,Teamwork Karting Car Park,,True,False,"No specific track length is mentioned. Reviews explicitly state 'the ground floor is cold upstairs is nice and cosy tho', indicating an indoor facility with multiple levels, which strongly suggests a multi-level track."
1627,Teamwork Karting,,True,False,"The website explicitly states 'indoor karting circuit' and mentions 'indoor karts'. There is no mention of track length in meters, multi-level features, or any outdoor karting facilities in either the website content or customer reviews."
170,Berlin Kart,752.0,True,False,"The website prominently displays 'Berlins größte Kartbahn mit 752m Streckenlänge' multiple times. However, the 'STRECKE' section also states 'rund 500 Metern'. The 752m is prioritized as the main advertised length, but this conflict reduces confidence. The facility is explicitly described as 'Indoor-Freizeitspaß' and 'Indoor-Kartbahn' on the website, which is supported by customer reviews mentioning 'smell of gasoline' and 'fumes'. There is no information in either source to suggest the track is outdoor or multilevel."
6,Kartplaza,850.0,True,False,"The website's 'Indoor Karten' section explicitly states '850 meter circuit' and the activity is named 'Indoor Karten'. While the facility offers general 'indoor & outdoor activities', there is no specific 'outdoor karten' activity listed. No information regarding multiple levels for the kart track was found."
179,Kart-O-Mania Hannover,,True,False,"The website describes 'Kart-o-Mania Hannover' as a new 'Erlebnis-Location' with E-Kartfahren, Action, Games & Events, explicitly listing indoor activities like Shuffleboard, Billard, Steeldart, and Karaoke. This strongly indicates an indoor facility. E-karts are also commonly used indoors to manage emissions, which is supported by the review mentioning 'e-karts, so little smell'. There is no mention or implication of an outdoor track. Track length and multilevel information are not provided in either the website content or the reviews."
2043,Herefordshire Raceway,600.0,False,True,"The website explicitly states '600 metre race circuit' and '600m'. Both sources imply an outdoor track: the website mentions '10:00 - dark' opening hours, 'premier karting circuit', and a physical address, while reviews mention a 'beautiful setting' and 'picnicing'. There is no mention in either source of an indoor or multi-level track."
2023,Red Lodge Karting,700.0,False,True,The website explicitly states: 'our track includes two layouts; the 700m and Full Track.' It also repeatedly identifies itself as 'East Anglia's Leading Outdoor Circuit!' There is no mention of indoor or multi-level features on the website or in the reviews.
21,Karting Eefde,,False,True,"No specific track length in meters was mentioned in either the website content or customer reviews. The website explicitly states 'Kom een dagje karten op de outdoor kartbaan van Adventure Eefde', confirming it is an outdoor track, which is also supported by reviews mentioning 'track located in the forest'. There is no information in either source to suggest the track is multilevel."
1683,Cardigan Bay Karting,,,,"No data available (scrape failed, no reviews)"
1877,Team Works Karting,,,,"The provided website content primarily announces the permanent closure of the Northampton facility and lists general services previously offered there. It does not contain any specific details regarding track length, whether tracks are indoor or outdoor, or if they are multi-level for any Teamworks Karting location. No customer reviews were provided."
222,Kart Raceland,700.0,True,False,"The website explicitly states, 'Unsere weitläufige Kartstrecke erstreckt sich über 700 Meter und gehört damit zu den längsten Indoor-Kartbahnen in Südbaden.' It is repeatedly referred to as 'Indoor-Kartbahnen' on the website, which is corroborated by a review mentioning 'for an indoor go-kart track'. Neither the website nor the reviews mention an outdoor or multilevel track."
1853,Bedford Autodrome Kart Circuit,,False,True,"The website describes Bedford Autodrome as an open-air facility with 'endless run-off and acres of grass' and lists multiple circuits (1.85, 1.50, 1.00, 0.75 miles) for various vehicles, including the Sodi GT5 Kart. However, it does not specify a dedicated length for a kart track or indicate which circuit the karts primarily use. Reviews mention a '4.1 mile long circuit' for the venue, but this appears to refer to the overall autodrome used for car track days, not a specific kart track. Therefore, a precise kart track length cannot be confidently determined. Both sources indicate an outdoor, flat facility with no mention of indoor or multi-level tracks."
2115,Christmas Corner,,False,False,"The provided website content and customer reviews are exclusively about a Christmas market in Leicester, featuring an ice rink and a big wheel. There is no mention of a karting facility or any type of racing track."
1761,WildTracks Karting,,False,True,"The website explicitly states 'WILDTRACKS OUTDOOR ACTIVITY PARK' and focuses on outdoor activities like Motocross. Reviews also refer to the 'main mx track' and mention quad biking and karting (past tense), all of which are typically outdoor. There is no information suggesting an indoor or multi-level track. Reviews describe the karting track as 'large' but provide no specific length."
648,Puissance Kart Indoor,,True,False,"The facility name 'Puissance Kart Indoor' explicitly states it is an indoor track. No information in either source indicates an outdoor or multilevel track, nor is a track length provided."
2104,Drift Trikes Experience,,False,True,"The facility, 'Learn2Drift' (not 'Drift Trikes Experience' as per content), uses open tarmac areas at various venues (e.g., Rye House, Dunsfold Park) configured for drift training. These areas are described as suitable for 'donuts', 'cone courses', and 'P tracks' on 'pre-made short circuit' or 'abandoned tarmac', rather than a fixed-length track. Reviews explicitly state 'no track to lap!!!'. There is no information suggesting an indoor or multilevel facility; all evidence points to outdoor operation with full-size cars on flat tarmac."
400,Kart-O-Mania,,True,False,"The website explicitly mentions 'Indoor-Kartbahn' for the Laatzen/Rethen location and describes the new Hannover location as an 'Erlebnis-Location' with 'E-Kartfahren', strongly implying an indoor setting. The review mentioning 'e-karts, so little smell' supports the indoor nature for the E-kart location (Hannover). Neither source provides information about track length, outdoor facilities, or multi-level tracks. Confidence is medium due to the lack of track length data."
673,Inwall Kart,600.0,True,False,"The website explicitly states '600 M DE PISTE INDOOR' and 'espace couvert' (covered space), confirming the length and indoor nature. No information regarding multiple levels for the track was found; a review mentions a 'slope' for viewing, not the track itself."
35,Kartbaan Oldenzaal,,False,True,"The website explicitly mentions 'OUTDOOR RACEN EN FEESTEN' and 'prachtig aangelegde outdoor kartbaan'. Customer reviews also state 'great outdoor track!' and mention driving 'in good weather or even in the rain', reinforcing its outdoor nature. There is no information in either source about track length or whether it is multilevel. The mention of multiple 'zalen' (halls/rooms) for groups does not imply an indoor track, but rather indoor facilities separate from the kart track."
2370,Virtual Xperience,,True,False,"Virtual Xperience is a VR arcade, not a physical karting facility. The 'PROJECT CARS' experience, which mentions a 'piste' (track), is described as a racing simulator with a hydraulic jack system for 'total immersion', indicating a virtual rather than physical track. There is no mention of actual karts, physical track dimensions, or any outdoor racing. The facility itself is located at a physical indoor address in Tours (35 RUE CHARLES GILLE) with defined opening hours, confirming its indoor nature."
3,Coronel Kartracing,425.0,True,False,"The 'KARTEN IN HUIZEN' section on the website explicitly states 'Met een lengte van 425 meter' and describes features like a 'donkere tunnel' and 'spectaculaire fly-over'. The facility is consistently referred to as an 'indoor kartbaan' and 'indoor adventure center' across the website content, with no mention of outdoor karting."
2182,Hunts Kart Racing Club,,False,True,"The website explicitly displays '0 METRES' which appears to be a placeholder rather than actual track length. No other numerical length data was found in the provided content. The description of the club being founded in 1959, occupying a former USAF Bomber Squadron site, and hosting 'race meetings' strongly suggests an outdoor track. This is further supported by reviews mentioning 'shaded areas', implying exposure to elements. No information suggests an indoor or multilevel track."
609,Spreeflitzer,,False,True,"The website states 'idyllic setting' and reviews mention 'playgrounds connected to the cart area,' strongly indicating an outdoor track. No specific length in meters or any mention of an indoor or multilevel track is present in either source."
160,Raceland Karting,,,,"No specific track length, indication of indoor/outdoor status, or multi-level design was mentioned in either the provided website content or the customer reviews."
1607,Premier Karting,450.0,True,False,"The website explicitly states 'RACE ON OUR MULTI-LEVEL 450M GO KART TRACK' and 'one 450m E-Karting Track'. It's referred to as an 'INDOOR GO KARTING TRACK' on the website, which is supported by a review mentioning 'indoor karting company'. Both the website ('MULTI-LEVEL') and reviews ('nice multilevel track') confirm it's a multi-level track. There is no mention of an outdoor track."
535,Kart am Alfsee,601.0,False,True,The website explicitly states the track length as '601 m' multiple times. The presence of a 'Sonnenterrasse' (sun terrace) and the location described as 'im Erholungsgebiet am Alfsee' (in the Alfsee recreation area) strongly indicate an outdoor track. There is no mention of an indoor or multi-level track in either the website content or the reviews.
379,Knax-Rennbahn,,,,"Both the website content and customer reviews describe the 'Düsseldorfer Galopprennbahn' (a horse racing track) and make no mention of a karting facility named 'Knax-Rennbahn'. Therefore, no specific track data for the requested karting facility could be extracted from these sources."
692,Planet Karting,500.0,True,False,The website explicitly states 'piste de 500 mètres' for the track length. The name 'PLANET KARTING INDOOR' and multiple mentions of 'indoor' confirm it's an indoor facility. There is no mention of an outdoor track. The phrase 'traversée par un pont' (crossed by a bridge) indicates a multilevel track.
678,Karting Lexy,,True,False,"The website explicitly states 'piste de karting indoor sur 2 niveaux' and 'piste de karting couverte'. It also mentions specific features like 'la « montée du Raidillon »' which supports the multilevel aspect. No track length information was provided, nor any indication of an outdoor track."
203,Burgpark Ring Kart-Bahn,,True,False,"The website content for 'Kart-o-Mania Stuttgart' does not mention the track length or explicitly state if it's indoor or outdoor, nor does it describe multi-level features. Customer reviews, however, explicitly state 'taking the fact that it's indoors' and 'indorr track', confirming it is an indoor facility. No information from either source suggests an outdoor track or multiple levels. Track length is not mentioned anywhere."
688,Rouen Espace LoisirsV,,True,False,The website explicitly states 'la seule piste indoor de Rouen 76'. No track length is mentioned. There is no information suggesting an outdoor or multi-level track.
80,City Kart,,True,True,"No specific track length in meters was found in either the website content or customer reviews. The facility is explicitly described as offering 'Indoor & Outdoor karting' on the website, and customer reviews confirm this by mentioning 'inside and outside race' and that 'in winter they do only indoor but in summer they extend the track to outside'. There is no mention of a multi-level track in either the website content or the customer reviews."
2337,Tennishal Simpelveld,,,,"The provided website content and customer reviews exclusively describe 'Tennishal Simpelveld' as a tennis facility, featuring 'INDOOR GRAVEL TENNISBANEN' (indoor gravel tennis courts) and 'outdoor lanes' (likely outdoor tennis courts). There is no mention of a karting track, go-karts, or any related motor sports activity in either source. Therefore, no data specific to a karting track can be extracted."
1586,TeamSport Karting,450.0,True,False,The website explicitly states '450m Go Karting circuit' and 'Multi-level 450m Go Karting circuit' multiple times. It also explicitly refers to 'HOW TO FIND TEAMSPORT GOSPORT INDOOR GO KARTING TRACK'. There is no mention of an outdoor track.
2386,Salle Simonne Mathieu,,,,"The provided website content is about renting community halls (Foyer André Allain, salle de Périers-sur-le-Dan, salle de Biéville-Beuville) in the commune of Mathieu, and does not mention 'Salle Simonne Mathieu' or any karting facility. The only size mentioned is '400m2' for a hall area. The customer reviews ('educational activities excellent support') are too generic to provide any details about a karting track or even confirm the nature of 'Salle Simonne Mathieu'. Therefore, no data about a karting track could be extracted from the provided sources."
224,BattleKart,,True,False,"Track length is not mentioned. The concept involves virtual tracks projected onto a hall floor, allowing for varied layouts rather than a fixed physical length. The website states the track is projected onto the 'Hallenboden' (hall floor), confirming it's an indoor facility. Reviews also refer to an 'arena'. Neither source mentions any outdoor or multilevel tracks."
677,SimRacing full motion,,True,False,"The facility 'SimRacing full motion' primarily offers virtual driving simulators ('Simulateurs Vesaro') with over 100 different circuits and a physical track for RC Mini-Z cars. There is no mention of a physical karting track for human-driven karts. No specific length is provided for the RC Mini-Z track, and the virtual simulators encompass numerous tracks of varying lengths, so a single 'main adult track' length cannot be determined. The website explicitly mentions 'Notre salle dédiée, Espace Simu' for the simulators, and the overall context indicates all activities are housed indoors. No information suggests any outdoor or multilevel tracks."
184,Kartcenter Cologne,380.0,True,False,"The website explicitly states the track length as '380 m' in multiple locations. The facility's history details its conversion from an 'industrial hall' into a kart track in 1995, clearly indicating it is an indoor track. The mention of an 'outdoor area' ('Chill Zone im Außenbereich') for guests further implies the track itself is not outdoors. There is no mention of multiple levels, bridges, or elevation changes for the track, which would be a significant feature if present, leading to the conclusion it is not multilevel."
202,Kart Palast,,True,False,"The website explicitly mentions 'Eventhalle' (event hall) and a 'Bistro mit Blick auf die Strecke' (bistro with a view of the track), strongly indicating an indoor facility. No information from the website or reviews suggests an outdoor or multi-level track. No specific track length is mentioned in either source."
316,Battlekart Aachen,,True,False,"Track length is not specified in the website content or customer reviews. The website describes 'interacting with the virtual landscape and bonuses projected on the ground', which is a hallmark of an indoor facility for projection technology. There is no mention of an outdoor track or multi-level design in either source."
683,K1 Speed,,True,False,"The website content repeatedly states 'Karting indoor à Caen' and 'karting électrique indoor', confirming it is an indoor facility with no mention of an outdoor track or multiple levels. Track length is not mentioned."
2375,RS Simulation,,True,False,"The facility 'RS Simulation' is a dynamic racing simulator center, not a physical karting track for human drivers. It offers virtual F1, GT, and Rally Cross experiences using simulators with D-BOX motion systems and 180° screens. A separate 'Mini RC' (remote-controlled car) track is available on-site, described as 'NOUVEAU À CAEN !' and 'dans votre centre RS Simulation', confirming its indoor nature. No length is provided for this RC track, and there is no mention of a physical kart track for people."
2359,Complexe sportif Pierre Simon,,False,False,"The provided WEBSITE CONTENT is from metz.fr and does not contain any information about 'Complexe sportif Pierre Simon' or a karting facility. The CUSTOMER REVIEWS section is empty. Therefore, no track-specific data could be extracted from the given sources."
84,eKart,450.0,True,False,The website explicitly states '450M CIRCUIT' and refers to itself as the 'snelste indoor karting' and 'next-level indoor circuit'. A customer review also confirms 'Parcours van 450 meter met 14 bochten'. There is no information suggesting an outdoor or multi-level track.
96,Battlekart Mouscron,,True,False,"The website describes an 'espace totalement dédié' and a 'bar panoramique' with a view of the two tracks, strongly indicating an indoor facility. Reviews also mention 'watching the racers', supporting an indoor viewing area. The website specifies track area (1,800m2 per track) but does not provide track length in meters, nor is there any mention of outdoor or multi-level tracks."
286,Fahr-Werk Kartbahn,,True,True,The website explicitly mentions both 'INDOORKARTING' (Groß-Zimmern) and 'OUTDOORKARTING' (Schaafheim). No information about track length or multi-level design was found in the provided content.
199,Karthalle Mainz,,True,False,"The facility is named 'Karthalle' (Kart Hall), indicating it's indoors. The website mentions '2800qm Fläche' for the kart track. Reviews mention 'a bistro with a view of the track,' which supports an indoor setting. There is no information about an outdoor track. No specific track length in meters is provided on the website or in reviews; the reviews only describe it as 'a rather narrow and short track.' No information indicates a multi-level track, which is typically a highlighted feature if present."
220,BattleKart Mayen-Koblenz,,True,False,"The website describes the facility containing an 'Arcade-Bereich', 'ColorFloor', 'Bar', and 'Tagungsraum' in addition to BattleKart, strongly implying an indoor complex. Customer reviews mention 'emission-free' karts, which are typically used indoors, and the augmented reality nature of BattleKart, which usually requires a controlled indoor environment. Neither the website nor the reviews provide any information about track length or suggest an outdoor or multi-level track design."
196,Sim Racing Center,,False,False,"The provided website content and customer reviews are for 'SimRaceShop', an e-commerce business specializing in selling professional sim racing equipment (e.g., wheelbases, pedals, steering wheels, rigs). The content consistently refers to selling hardware for simulation, not operating a physical karting facility or 'Sim Racing Center' with a track. Therefore, no data regarding a physical track's length, indoor/outdoor status, or multilevel design is available in the provided sources."
197,No limit - die Kartbahn,,True,True,The website explicitly mentions both an 'Indoorbahn' and a 'Freiluftbahn'/'Außenbahn'. Neither the website content nor the customer reviews provide any specific information about the track length in meters or mention any multi-level features for the track.
90,JMKarting,,True,False,"No specific track length in meters was found. A customer review explicitly mentions 'upper levels', which strongly suggests the track is multilevel and is likely an enclosed, indoor facility to contain these levels. There is no mention of outdoor elements."
88,Franière Karting,,True,False,"Track length is not specified in either the website content or customer reviews. A customer review explicitly mentions 'upper levels', which strongly indicates the track is multilevel. Multilevel karting tracks are almost universally indoor or extensively covered facilities, hence the inference that it is an indoor track."
94,BattleKart Liège Verlaine,,True,False,"The website describes interaction with 'virtual décors et bonus projetés au sol' (virtual décors and bonuses projected on the ground), which inherently implies an indoor, controlled environment for projections. There is no mention of track length, multiple levels, or any outdoor elements in either the website content or customer reviews."
107,John Martin's Karting,500.0,False,True,"The track length of 500m is stated in one review. The track is inferred to be outdoor based on a review mentioning 'icy/snowy due to the wind tunnels,' which implies exposure to external weather conditions. Multiple reviews indicate a multi-level design with 'climbs, descents' and a 'wooden bridge'."
86,Karting Grivegnée,,,,"Neither the provided website content nor the customer reviews offer any specific information regarding the track's length, whether it is indoor or outdoor. There is also no mention of the track being multi-level, leading to the assumption that it is not."
175,Konrads Kartbahn,,True,False,"The website content does not provide any information regarding the track length. The presence of a 'Bistro' and 'Bar' where visitors can 'discuss the race action' and 'relax between rounds' strongly suggests an indoor facility, as these amenities are typically part of a comfortable, enclosed environment. There is no mention of outdoor features or different levels for the track. The customer reviews section was empty."
165,Jugendkarttrainingsgelände,,True,True,"No specific track length in meters was mentioned in the website content or customer reviews. The website refers to the facility as 'Deutschlands größter Go-Kart-Anlage' but provides no numerical length. Both indoor and outdoor tracks are explicitly mentioned multiple times on the website (e.g., 'Indoor- und Outdoorstrecke', separate pricing for 'Indoorstrecke' and 'Outdoorstrecke', and FAQ details) and also in customer reviews ('in/outdoors'). There is no information in the website content or reviews suggesting that the track is multi-level."
100,BattleKart WEX,,True,False,"The website content mentions 'interagis avec les décors et bonus virtuels projetés au sol', which implies a single, flat surface for the virtual projections, hence not multi-level. There is no explicit mention of track length."
115,"Eastbelgium Action, Fun & Karting Center",,True,False,"No specific track length in meters was mentioned in either the website content or the customer reviews. 'is_indoor' is set to true because the website lists 'KARTING' among many other clearly indoor activities (e.g., Escape Room, Laser Game, Bowling, Cinema). Additionally, customer reviews refer to the 'karting arena' and 'karting area', terms commonly associated with indoor facilities. There is no mention of any outdoor track elements, nor of the track being multilevel, thus 'is_outdoor' and 'is_multilevel' are set to false."
223,Kart Arena,400.0,True,False,The website explicitly states 'Du kannst Dich auf der 400 Meter langen Kartbahn dem Geschwindigkeitsrausch hingeben.' The overall description of the facility as 'Indoor-Spaß in der FunArena Ingolstadt' strongly indicates an indoor track. There is no mention of an outdoor or multi-level track.
119,Sentier du karting,530.0,True,False,"The website explicitly states 'Une piste intérieure ultra-moderne de 530 mètres de long' and in the 'À Propos' section, it lists '530 MÈTRES' and '2 ÉTAGES', confirming it's a 2-level indoor track of this length."
215,Kartodrom Elles,,True,False,"Length not mentioned in either source. The review states 'a ramp leading to the first floor', indicating an indoor and multi-level track. While 'the outside area could be spruced up' is mentioned, it refers to the general facility grounds and does not clearly describe a separate outdoor track."
87,WIK Wavre Indoor Karting,530.0,True,False,"The website explicitly states 'Une piste intérieure ultra-moderne de 530 mètres de long' and confirms '530 MÈTRES' under 'À Propos'. It also mentions 'piste unique de 2 étages' and '2 ÉTAGES' under 'À Propos', indicating it is multilevel. 'Piste intérieure' confirms it's indoor, with no mention of an outdoor track."
176,Devalkartbahn,450.0,False,True,"Reviews explicitly state, ""we went to geiersberg to try out the dèvalkarts."" The website's 'pistenplan' details the Geiersberglift slope as having a length of 450m. While this slope is described for 'beginners' for skiing, it is the only specific track length directly linked to the Dévalkarts activity in the provided data, thus considered the main track by usage. The website's 'infos' page for Dévalkarts mentions being pulled up by lifts and descending like skis, and that it closes in rain, confirming it is outdoor. It's a mountain descent, not a multi-level structure."
180,Kart & Eventcenter,,True,False,"No explicit track length was mentioned. Reviews clearly state 'even in winter, the hall is pleasantly warm', indicating an indoor facility. There is no mention of an outdoor track. While the track is described as 'fun yet challenging' and 'varied', there's no explicit mention of multiple levels, hence 'false' with medium confidence."
99,BattleKart Gent,,True,False,"No specific track length in meters is mentioned in the website content or customer reviews. The website describes 'augmented reality-pistes' and 'virtueel landschap' (virtual landscape) with projections, which require an indoor environment. Customer reviews explicitly refer to it as 'an indoor go-kart track'. There is no mention or implication of an outdoor or multi-level track in either source."
2389,TEP Eudy Simelane,,,,"No data available (scrape failed, no reviews)"
481,Kart Center Heiligenstadt,,True,True,"The website explicitly states 'die längste, kombinierte, Indoor und Outdoor-Kartbahn' and mentions the 'Wechsel von In- zu Outdoor'. Multiple reviews also confirm 'indoor and outdoor sections'. No information regarding track length in meters or multi-level design was found in either source, leading to null for length and false for multi-level."
124,Kid-karting,,False,False,"The provided website content for 'Worldkarts' (the assumed source for 'Kid-karting' as per the prompt) focuses on locations and an app, offering no details regarding track length, whether the tracks are indoor or outdoor, or if they are multilevel. The customer reviews section is completely empty."
172,Cool Runners Kart GmbH,430.0,True,False,The 'strecke' subpage on the website states 'die Strecke ist knapp 430 Meter lang'. The website's main page and a customer review explicitly identify it as an 'Indoor Kartbahn'. No mention of an outdoor track or multiple levels was found in either the website content or the reviews.
2212,Camberley Kart Club,,False,True,"The website states the club operates from 'Blackbushe Airport site' and hosts 'practice and race days throughout the year', which strongly indicates an outdoor track. There is no mention or implication of an indoor facility or a multilevel track. The website describes the track as 'relatively short' but does not provide a specific length in meters."
1636,Buckmore Park,900.0,False,True,"The 'About' subpage on the website states, 'By 1994, the track was expanded to 900 meters.' The website describes the circuit as 'Nestled amongst the picturesque countryside in Kent,' indicating it's outdoors. Multiple customer reviews mention 'elevation changes' and a 'downhill section,' confirming it is an outdoor track with significant level changes."
2195,Bayford Meadows,1100.0,False,True,"The website explicitly states 'Bayford boasts a 1100m MSUK-licensed circuit'. It repeatedly refers to itself as an 'outdoor, floodlit kart circuit' and 'Outdoor Go Karting in Kent'. There is no mention of indoor or multi-level tracks."
267,SAX Racing Kartbahn,,True,False,"The track length and whether it is multilevel could not be determined from the provided website content or customer reviews. The 'is_indoor' flag is set to true because the kart track is listed as one of many attractions (including Escape Room, Lasertag, Pixel Games, Sim Racing, Restaurant) typical of an indoor leisure center. No information suggests an outdoor track."
2071,Go Karting,900.0,False,True,"The website's 'About' page history states: 'By 1994, the track was expanded to 900 meters. Further extensions in 1999 brought it to full international length.' No specific current length is provided beyond this. The website describes the track as 'Nestled amongst the picturesque countryside' and reviews mention 'tarmac cracks', 'elevation changes', and a 'downhill section', confirming it is an outdoor and multi-level track. No evidence suggests an indoor track."
432,Go-Kart-Center-Ringleben,,True,False,"Length and multilevel track details are not mentioned in the reviews. 'Is_indoor' is strongly suggested by multiple review comments about 'unbearable smell' permeating 'the entire place' and the use of 'scented candles' to 'make it more pleasant', indicating an enclosed environment where odors accumulate. There is no information to suggest an outdoor track."
1865,TeamSport Farnborough,500.0,True,False,"The website explicitly states a '500M TRACK' and 'epic 500m track length' multiple times. It also consistently refers to 'our fantastic indoor go karting track' and 'multi-level' track over 'two levels'. Reviews corroborate the indoor nature and 'two levels' (mentioning 'downstairs track' and 'the top'), as well as 'two levels and surfaces'. No mention of an outdoor track exists in either source."
1819,Surbiton Raceway,,False,True,"The reviews describe the racetrack as being in a 'wonderful landscaped setting' and a reviewer implicitly contrasts Surbiton Raceway with 'the other mitcham indoor one', strongly suggesting Surbiton is an outdoor facility. There is no mention in either source of it being indoor or multi-level. The track length is not provided in any of the available content."
1608,Daytona Sandown Park,,False,True,The website explicitly states 'SANDOWN PARK Outdoor Go-Karting' and a customer review confirms it as 'first outdoor karting'. No specific track length or information regarding multiple levels for Daytona Sandown Park was found in the provided content.
1754,Karting track,,True,False,"The website explicitly states 'Indoor Go-Kart Racing' multiple times and mentions racing 'regardless of weather', confirming it is entirely an indoor facility. Reviews also refer to it as an 'indoor centre'. No information about track length in meters is provided on the website or in reviews. Reviews mention the track is 'surprisingly long for an indoor centre' and has 'good distance', but no specific measurement. There is no mention of the track being multilevel in either the website content or the reviews."
514,MS Kartcenter Hattingen,450.0,True,False,The website explicitly states 'auf über 450 Meter Indoor Strecke'.
1611,TeamSport Mitcham,800.0,True,False,"The website explicitly states: 'RACE ON OUR MULTI-LEVEL 800M GO KARTING TRACK', 'Stretching out over 800m of track, TeamSport Mitcham’s multi-level circuit', and 'HOW TO FIND OUR MITCHAM INDOOR GO KARTING TRACK'. It also mentions a 'mezzanine throughout the whole building' confirming multi-level and indoor."
2180,South Wales Karting Centre,,True,False,"The website repeatedly states 'Indoor go-karting' and 'Our indoor track'. Customer reviews also refer to it as a 'fantastic new indoor karting centre'. No information regarding track length or multilevel design was found in either source. While other activities (4x4, lorry driving) are mentioned on-site, the karting itself is consistently described as indoor only."
1626,TeamSport Indoor Karting,450.0,True,False,The Website explicitly states 'RACE ON OUR MULTI-LEVEL 450M GO KART TRACK' and further clarifies 'One 450m E-Karting Track'. It also mentions 'TEAMSPORT READING INDOOR GO KARTING TRACK'. Reviews corroborate the 'multilevel' aspect.
217,Rollende Kühe,,False,False,"No information about a karting track, its length, or its type (indoor/outdoor/multilevel) was found in either the provided website content or the customer reviews. Both sources describe an agricultural cooperative ('Agrarprodukte Kitzen e. G.') and its farm shop, focusing on farm products and food services, not a karting facility. The name 'Rollende Kühe' was not present in the provided texts."
198,Kart-Driving by Richi,,,,"No data available (scrape failed, no reviews)"
2357,Virtual Room,,True,False,"The provided content for 'Virtual Room' describes a virtual reality (VR) collaborative escape game/experience, not a karting facility with a physical track. Therefore, metrics such as track length and multilevel status are not applicable. The VR experience itself takes place indoors in a 'salle' (room) with players in 'separate rooms', making the activity inherently indoor."
210,SimRacing-Center Düsseldorf,,True,False,"The facility is clearly described as a 'SimRacing-Center' that offers 'Rennsimulatoren' (racing simulators) to drive on a selection of *virtual* real-world tracks (e.g., Hockenheimring, Nürburgring). It is not a physical karting facility. Reviews confirm it's a 'simulator'. The facility is implicitly indoor as a simulation center, and one review mentions it being 'on the upper floor of the coach house'. There is no mention or indication of a physical outdoor or multilevel track."
607,Battle Kart Düsseldorf-Neuss,,True,False,"The website states '2.000 m² große Strecke', which translates to '2,000 square meters large track'. This is an area measurement (m²), not a linear length (m). No specific track length in meters is provided. The facility is explicitly described as an 'Indoor-Freizeitkonzept' and 'Indoor-Freizeitangeboten'. There is no mention of an outdoor track or multiple levels; the concept of projected track layouts on the floor implies a single, flat level."
195,Kart-o-Mania,,True,False,"Customer reviews explicitly state the facility is 'indoors' and refer to an 'indorr track'. Neither the website nor the reviews provide information regarding the track's length or if it is multi-level. The website describes track features such as S-curves, hairpin turns, and a slide passage, but no elevation changes."
81,JPR Belgium,,True,False,Customer review explicitly states 'indor thermic kart track'. No specific track length or information regarding multiple levels was provided in either the website content or the customer reviews.
313,Kartfun Astenberg,550.0,True,False,"The website (Homepage and 'Kartbahn' subpage) consistently states a track length of '550m Streckenlänge'. It is described as being 'in der 5000qm großen, beheizten und klimatisierten Halle' and having 'Hallenfläche', clearly indicating it is an indoor track. There is no information or mention of an outdoor track or multiple levels."
674,Battle Kart,,True,False,"The website explicitly states 'piste de 2000m²', which refers to the track's area in square meters, not its linear length. Therefore, the track length in meters cannot be extracted. The facility is described as 'un espace totalement défié', with a 'bar lounge tout en admirant les prouesses des autres joueurs grâce à la vue offerte sur notre piste', and mentions 'rouler à l'intérieur d'un jeu vidéo', all of which strongly indicate an indoor environment. There is no mention of an outdoor or multi-level track; the virtual decors are described as 'projetés au sol' (projected on the ground), suggesting a single level."
1592,Forest Edge Kart Club,,False,True,"Track length is not explicitly stated in either source. The facility is referred to as 'Forest Edge Kart Club' on the website and 'kart circuit' in the reviews. Reviews also mention it as the 'fastest kart circuit in the south', strongly implying an outdoor track. The website lists a physical address (Barton Stacey, Winchester) typical of an outdoor venue. No information regarding indoor or multi-level features was found."
2409,Smallfield Banger Racing Track,,False,True,"Track length is not mentioned in either the website content or customer reviews. The website explicitly describes 'Smallfield Raceway' as 'The Fastest Mud Track in The South East' and a 'dirt track', mentioning visitors can 'bring BBQ's, Gazebos and chairs and sit and relax', all strong indicators of an outdoor facility. Reviews corroborate this, mentioning 'banger racing always a fun day on a sunny day' and 'great views of the racing from various points around the circuit'. The website's mention of 'sloping banks' refers to banked turns on a single track level, not a multi-level structure, and there is no indication of multiple levels from reviews."
213,Michael Becker & Team,,False,False,"The provided Website Content is a placeholder ('HIER ENTSTEHT MEINE NEUE HOMEPAGE!') and only contains impressum/contact details, with no information about a karting track. The 'Reviews' section is empty. Therefore, no data regarding track length, indoor/outdoor status, or multilevel features could be extracted from the provided sources."
452,Kart- und Eventcenter Schlotheim,382.0,True,False,"The website explicitly states: 'Auf unserer 382 Meter langen Strecke kann es richtig zur Sache gehen'. The description of training 'zu jeder Jahres- und Witterungszeit' (any season and weather) and a 'Sportsbar' with 'Der Blick auf die gesamte Rennstrecke' strongly implies a fully indoor facility, viewable from an internal area, hence is_indoor is true and is_outdoor is false. No information suggests multiple levels."
2360,Virtual Center,,False,False,"The website explicitly states the facility is a 'CENTRE DE RÉALITÉ VIRTUELLE' (Virtual Reality Center) and its racing experiences are 'simulators Racing' and 'Racing VR' on 'nos plus beaux circuits du monde' (our most beautiful circuits of the world), indicating virtual tracks, not physical ones. No information about a physical karting track is provided."
1885,Thruxton karting track (youth),,False,True,"Length: No specific track length in meters is provided in either the website content or customer reviews. Indoor/Outdoor: Neither the website nor reviews explicitly state 'indoor' or 'outdoor'. However, the website refers to 'National Circuit' and 'Club Circuit' with specific date/time availability ('Weekend National', 'Sunday 8th February Arrive & Drive National'), common for outdoor tracks. Reviews mention 'a proper day out on a proper track' and 'main track is long and wide', strongly implying an outdoor setting. There is no information to suggest an indoor track exists, so 'is_indoor' is false. Multilevel: No information was found in either source to suggest the track is multilevel."
395,Offroad Kids Otterwisch,,,,"The provided WEBSITE CONTENT is for 'Off Road Kids Stiftung', a charity focused on helping homeless children and young adults, and contains no information about a karting facility. The CUSTOMER REVIEWS section is empty. Therefore, no data about 'Offroad Kids Otterwisch' karting track could be extracted from the given sources."
320,Kartarena Niederkrüchten ST Motorsport Performance GmbH,,True,False,"The website does not explicitly state the track length in meters. The company name 'RS Speedworld Indoor-Karting GmbH' clearly indicates it is an indoor facility. There is no mention of an outdoor track; 'Außenanlage' refers to an outdoor seating area for the bistro, not a track. There is no information suggesting a multi-level track; the description of 'jeden Monat eine neue Streckenführung' (new track layout every month) using flexible 'RS Mini-Guard' barriers implies a single-level, reconfigurable design."
98,Indoor Karting Lommel,,True,False,"The website explicitly mentions 'Indoor Karting Lommel' multiple times, indicating it is an indoor facility with no mention of an outdoor track. A section on the website titled 'Meter Circuit' has no corresponding value, meaning the track length is not provided. No information regarding multiple levels was found in either source."
161,Lap's Kart Center,,True,False,"Track length and multilevel features are not mentioned in the provided website content or customer reviews. The kart track ('KARTBAHN') is listed on the website among other typical indoor attractions (ESCAPE ROOM, LASERTAG, PIXEL GAMES, SIM RACING, RESTAURANT), strongly implying it is an indoor facility. There is no mention of an outdoor track in either source."
391,Kartbahn Wuppertal,480.0,True,False,The website explicitly states: 'unsere Kartbahn auf 480 Metern eine einzigartige Strecke bietet' and '480 m pro Runde'. It also mentions 'Indoor-Rennstrecke' and no outdoor track. There is no information suggesting it is multi-level.
13,Kartcentrum Zwolle,,False,True,"Length: No specific track length was mentioned in either the website content or the customer reviews. Indoor: The website states 'ECHT KARTEN DOE JE BUITEN' (Real karting you do outside), and customer reviews consistently refer to it as an 'outdoor track', with no mention of indoor facilities. Outdoor: Explicitly stated as 'Mooie buitenkartbaan' (Beautiful outdoor kart track) by a reviewer on the website and confirmed as 'great outdoor track' in the customer reviews. The website's slogan 'ECHT KARTEN DOE JE BUITEN' further reinforces this. Multilevel: No information regarding multiple levels, bridges, or tunnels was found in either source."
9,ZERO55,,True,False,"The website lists activities such as 'E-KARTEN', 'LASERTAG', 'X-CUBE', and 'INTERACTIEF DARTEN', which are typically housed in an indoor facility. Customer reviews also mention playing 'laser tag and karting here' within 'good areas', reinforcing the indoor nature. There is no information in either source to suggest an outdoor track or a multilevel track, nor any specific track length."
1609,TeamSport Go Karting,1000.0,True,False,"The website explicitly states 'MULTI-LEVEL 1000M GO KART TRACK', 'biggest, best, fastest indoor circuit in the West Midlands over 1000m!', and 'longest elevated section of track in the UK'. Customer reviews also confirm 'massive 1000m multi-level track'."
2088,Rowrah Circuit,,False,True,"Length: Neither the website content nor the customer reviews provide specific information regarding the track length in meters. 
Indoor: Customer reviews explicitly state it's 'totally different from indoor karting'. Website content refers to it as an open 'circuit' in 'Cumbria', which are characteristics of an outdoor facility. 
Outdoor: Website content refers to the 'Lakeland Circuit' in 'Cumbria'. Customer reviews mention it's 'totally different from indoor karting', 'build in a quarry', and offers 'excellent viewing areas around the track', all strongly indicating an outdoor track. 
Multilevel: No information in either the website content or customer reviews suggests that the track is multi-level. Mentions of 'raised area' refer to viewing points, not the track itself."
322,Nordseering,,False,True,"Track length is not mentioned in either the website content or customer reviews. The 'is_outdoor' flag is set to true based on a customer review explicitly stating 'an outdoor track has the disadvantage of being quite weather-sensitive'. Consequently, 'is_indoor' is set to false as there is no mention of an indoor track. There is no information in either source to suggest the track is multilevel."
244,Kartcenter Rostock,,True,False,"The website explicitly mentions 'einer der größten Hallenkartbahnen Deutschlands' (one of the largest indoor kart tracks in Germany), confirming it's indoor. No specific length in meters is provided, leading to 'null'. The absence of any mention of outdoor or multi-level tracks in both sources, combined with the explicit indoor description, leads to 'false' for those fields."
1584,Formula Karting,,False,False,"The provided website content only states the facility is closed due to a fire and offers contact information. There are no customer reviews provided. Therefore, no information about the track's length, indoor/outdoor status, or multi-level features could be extracted from the given sources."
1953,Tractor Ride,,False,True,"Length is unknown as no explicit number is provided in either source. Indoor is false and outdoor is true because the review states 'there are animals such as goats just to the side of the ride, so you can see them while going around the track,' strongly implying an outdoor setting. There is no information to suggest the track is multilevel."
1952,Flamingo 1,,False,False,"Neither the provided website content for 'Flamingo Land' nor the customer reviews mention 'Flamingo 1' or any specific karting track facilities. The content focuses on a theme park, zoo, and holiday resort amenities, with no information about karting."
1677,Go Cart Track,,False,True,The facility's name 'Tockwith Outdoor Karting' clearly indicates it is an outdoor track. No information regarding track length or whether it is multilevel was found in either the provided website content or customer reviews. The 'is_multilevel' is set to false with low confidence due to the absence of any supporting information.
2419,Oliver's Mount Racing Circuit,,False,True,"Track length is not mentioned in either the website content or the customer reviews. The website describes Oliver's Mount as 'England’s only natural ‘road’ race track,' confirming it is an outdoor facility, a fact further supported by customer reviews mentioning 'changing weather' and the inability to 'predict the weather.' The website also notes the track is 'challenging undulating,' and customer reviews explicitly state 'lots of elevation changes,' indicating a multi-level course."
209,Eco Kart Kiel,,True,False,"The website explicitly states 'Unsere Kartbahn ist die modernste und innovativste Indoor Kartbahn'. Customer reviews further support this by mentioning a 'Gepflegte Halle' (well-maintained hall). There is no mention of an outdoor track. Track length and whether the track is multilevel are not specified in either the website content or the customer reviews, leading to low confidence for these specific fields and thus an overall low confidence for the complete track data."
1088,quad avenue - src karting,,False,True,"The website content shows a placeholder '000m LONGUEUR' but no actual track length is provided. Both the website and reviews consistently describe an outdoor track: website mentions 'faune et flore', 'étang', 'coins ombragés et fleuris', and 'piste serpente au cœur d'un décor atypique'; reviews mention 'sprinklers' to wet the track. There is no information in either source to suggest the track is indoor or multilevel."
204,Hallenkartbahn Stralsund,,True,False,"The website explicitly lists 'Stralsund (indoor)'. Customer reviews describe the track as 'short' and 'small', but no specific length in meters is provided by either source. There is no information from either source to indicate the track is multilevel."
2416,Windermere Motor Boat Racing Club,,False,True,"The provided content describes the 'Windermere Motor Boat Racing Club' which hosts powerboat races on Windermere lake. There is no information in the website content or customer reviews indicating the presence of a karting facility or a karting track. The 'track' refers to a water course on the lake, which is an outdoor, non-multilevel environment. No specific length in meters for this water course is provided."
2404,Simply Gym,,False,False,"The provided 'WEBSITE CONTENT' and 'CUSTOMER REVIEWS' are exclusively about 'JD Gyms Rugby', a fitness facility. There is no information or mention of a karting facility or track within the given text."
412,Go-Kart und Quad Bahn Bergen,,False,True,"Track length is not mentioned on the website or in reviews. There is no information suggesting a multilevel track. The facility is inferred to be outdoor because a review states it's a good option 'especially on a rainy day when beach weather wasn't an option', which implies it's an outdoor activity suitable for such conditions. Additionally, the website's extensive display of seasonal opening hours across various months (including closures) is consistent with an outdoor operation, with no mention of indoor facilities."
1950,Craigavon 5th scale model car stadium,,,,"No data available (scrape failed, no reviews)"
2418,Kirkistown Racing Circuit,2462.0,False,True,"The website explicitly states the 'Total length 1.53 miles' for the main circuit (1.53 miles converts to approximately 2462 meters). Both the website (listing outdoor events like car racing, rallies, and track days) and customer reviews ('always cold so bring a coat') confirm it is an outdoor track. While the website mentions a 'Debtor’s Dip', a customer review states 'The circuit is flat', indicating it is not a multi-level track where one section crosses over another."
1765,Superdrive - Karting Track,,,,"No data available (scrape failed, no reviews)"
273,Schleswig-Ring,620.0,False,True,"The website's 'Kartbahn' subpage explicitly states 'Länge der Strecke ca. 620m'. The website also mentions 'Winterpause!' and operating 'nur bei gutem Wetter' (only in good weather), while reviews note the track was 'slippery' when 'raining', all indicating an outdoor track. Neither the website nor the reviews mention any multi-level sections, bridges, or tunnels; only a 'Steilkurve' (banked turn) is noted as a track feature."
245,Hanse Gokart Racing,,True,False,"The customer reviews describe the track as 'overcrowded' where 'adults with a blood alcohol level of 0.2% were standing next to 10-year-old children', strongly suggesting a contained, indoor environment where proximity and crowd control are issues. The website's news item about flying a drone 'through' the kart track also aligns well with an indoor facility. Consistent opening hours further support an indoor setting. No information about length or multiple levels was found."
418,Kartbahn Dargelin,,False,True,"The website explicitly states 'Dargelin (outdoor)'. Customer reviews corroborate this, mentioning 'dilapidated outdoor facilities'. No specific track length is provided in either source, though one review vaguely mentions a 'small kart track'. There is no information in either source to suggest the track is multi-level."
1774,TeamWorks Karting,,True,False,"The website explicitly states 'A fantastic indoor circuit' and mentions 'unbelievably fast indoor karts'. Neither the website nor the reviews provide a specific track length, though reviews mention 'track isn’t the biggest' and 'small track'. There is no mention of an outdoor or multi-level track in either source, so these are assumed false based on absence of evidence."
1622,Trax Karting,1500.0,False,True,"The website explicitly states the track is '1.5km of outdoor racing exhilaration' and refers to users driving 'around our 1.5km circuit'. It repeatedly describes itself as an 'outdoor race track' and facility for 'Outdoor karting', with no mention of an indoor or multilevel track. Customer reviews also reinforce the 'outdoor racing' aspect."
571,Kinder-Elektrokartbahn,200.0,False,False,"The track length of 'about 200m long' is explicitly mentioned in one review. There is no website content provided. For 'is_indoor', 'is_outdoor', and 'is_multilevel', the reviews provide no explicit information confirming these features. Therefore, they are set to false, indicating an absence of evidence for their presence. The overall confidence is Medium due to the explicit length but inferred status of other track characteristics."
293,Speedykart-Kartbahn,,True,True,"The website explicitly identifies different track locations as either indoor (Stralsund) or outdoor (Dargelin, Neubrandenburg), leading to both 'is_indoor' and 'is_outdoor' being true. No specific track length in meters or information regarding a multilevel design was found in either the website content or the customer reviews, though one review vaguely described a track as 'short'."
1600,Team Karting,,True,False,"The website explicitly and repeatedly states that the track is 'indoor' and 'Greater Manchester’s only full-tarmac and all petrol go kart indoor karting circuit', confirming 'is_indoor' as true and 'is_outdoor' as false due to the lack of any mention of an outdoor track. No specific track length in meters was provided in either the website content or the customer reviews, only that it is 'the longest... indoor go kart track in the North West', thus 'length_meters' is null. Neither source provides any indication that the track is multi-level (e.g., ramps, multiple floors), leading to 'is_multilevel' being false. The overall confidence is 'Medium' because while the indoor/outdoor status is very clear, a key piece of information (track length) is entirely missing."
183,Motodrom Schwerin,,False,True,"The customer reviews consistently describe outdoor car shows and meetups held at 'Motodrom Schwerin', with phrases like 'nothing covered' and discussions about 'rainy' weather. This strongly suggests the venue is primarily outdoor. However, no specific details about a karting track's length or whether it is multilevel are provided in the reviews, as they focus entirely on car-related events."
1767,TeamSport Preston,,True,False,"Website describes the facility as 'indoor karting' with a 'multi-level' track designed over 'three awesome floors'. It mentions two tracks, one multi-level and a 'Combat Karts' track which is '500M +', but the specific length of the main multi-level adult track is not provided. There is no mention of an outdoor track."
1682,TeamSport Hull,400.0,True,False,The website explicitly states '400m E-karting track' and refers to itself as an 'INDOOR GO KARTING TRACK'. It also lists 'MULTI-LEVEL' as a track feature. Customer reviews corroborate the multi-level aspect with comments like 'loose all speed on the incline and don'tget any joy on the decline'.
1797,Hull Karting,,False,True,"Track length is not mentioned in either the website content or customer reviews. The track is outdoor as confirmed by a customer review stating, 'good place for 40mph gokarting (don't use at night!) good in the day, but the opposite at night,' indicating reliance on daylight. The website also mentions a 'high ropes course spanning across a karting track,' which implies an outdoor, open-air environment. The track is not multilevel; the high ropes course spans *across* it, meaning the karting track itself is a single level below the ropes."
2296,TeamSport Bradford,580.0,True,False,"The website explicitly states '580m' and 'Multi-Level indoor go karting track' multiple times. The customer reviews section also features a blurb mentioning '580M TRACK' and 'MULTI-LEVEL', and user reviews confirm 'on 2 floors' and 'two levels'. No mention of an outdoor track was found."
564,Mini-GoKard-Bahn,,True,False,"The website explicitly refers to the facility as an 'INDOOR-KARTBAHN' and mentions driving 'In dieser Halle,' confirming it is an indoor track with no indication of an outdoor component. The track length is not provided in any part of the website content or customer reviews. There is no mention or description in either source that suggests the track is multilevel; therefore, it is inferred to be single-level."
1681,TeamSport Leeds,580.0,True,False,"The website explicitly states 'RACE ON OUR AWESOME 580M GO KART TRACK' and 'Our Leeds go karting venue boasts the longest indoor circuit in Yorkshire - with over 580m of racing tarmac'. It also mentions 'WITH A FLYOVER', 'hair-raising bridges, and awesome tunnels', and a 'wicked underpass', confirming it is multi-level. Customer reviews reinforce it as the 'best indoor track in leeds'."
1798,BUMPs,,False,False,"The provided 'WEBSITE CONTENT' is entirely about Northern Lincolnshire and Goole NHS Foundation Trust and contains no information about 'BUMPs' or any karting facility. The 'CUSTOMER REVIEWS' section is empty. Therefore, no track data could be extracted from the provided sources."
1848,Formulakart,750.0,False,True,"The website explicitly states a 'challenging 750m track' on both the main and 'About' pages. The outdoor nature is strongly implied by the website's description ('North Promenade', 'bowl-shaped arena', 'stroll up the North Promenade') and confirmed by reviews mentioning 'horrible weather' and 'the track was wet'. There is no mention of multiple levels in either the website content or the customer reviews."
207,Indoorkart Usedom,,,,"The provided WEBSITE CONTENT is a general tourism guide for Usedom and does not contain any mention of 'Indoorkart Usedom' or any karting facility. The CUSTOMER REVIEWS section is empty. Therefore, no precision track data could be extracted from the given sources."
1583,Action Karts,,,,"No data available (scrape failed, no reviews)"
212,Go kart Gramkow,200.0,False,True,"One review explicitly states the track is 'about 200m long'. There are no mentions of multiple levels in any review. For indoor/outdoor, the reviews do not explicitly state, but the descriptions of 'a lovely little track' and the ability to 'sit and enjoy a drink while watching the track', without any mention of a roof or enclosure, suggest it is an outdoor track. No keywords implying an indoor facility were found."
2230,Kart Track,,False,True,The website domain 'tockwithoutdoorkarting.com' and the location 'Tockwith Airfield' explicitly indicate an outdoor track. No track length or multilevel features were mentioned in either the website content or the customer reviews.
1785,Lakeland Karting,550.0,False,True,"The website content explicitly states '550m outdoor go-kart track'. There is no mention of indoor or multilevel features, indicating it is a single-level outdoor track."
760,Karting Indoor,,True,False,"The website repeatedly names the facility 'Karting Indoor Provence', confirming it is an indoor track. No information regarding track length in meters or whether it is multi-level was found in either the website content or customer reviews. The absence of any mention of an outdoor track, combined with the 'Indoor' designation, indicates it's not an outdoor facility."
1589,Wombwell Karting,,False,True,The track length is not mentioned in either the website content or the customer reviews. The address 'Athletic Stadium' from the website and the phrase 'great day out' from the reviews strongly indicate an outdoor track. There is no information in either source to suggest the track is indoor or multilevel.
1804,TeamSport Stockton,500.0,True,False,The website explicitly states it is an 'incredible 500m indoor go karting track' and 'MULTI-LEVEL' / 'Spread across two levels'. Customer reviews also confirm the track is 'on two levels'. There is no mention of an outdoor track.
2257,Larkhall Circuit,1140.0,False,True,"The website explicitly states: 'Recently the track has gone through major refurbishment including the track being extended to 1140 metres'. The description of an 'international circuit' hosting 'British Championships' confirms it is an outdoor track. There is no mention of an indoor track, only indoor viewing areas, nor any mention of multi-level features in either source."
1704,Cambuslang Karting,450.0,True,False,The website content explicitly states 'With a whopping 450m track' and '450M TRACK' multiple times. It also refers to itself as 'Scotland's longest and fastest indoor go karting track' and 'ultimate indoor go karting centre'. The website also clearly mentions 'MULTI-LEVEL' and 'features a huge mezzanine level'.
1631,TeamSport Go Karting Glasgow,450.0,True,False,"The website explicitly states '450m track' multiple times. It consistently refers to the facility as an 'indoor go karting track' and 'ultimate indoor go karting centre', with no mention of an outdoor karting track (the adjacent laser tag is a separate, outdoor activity). The website also lists 'MULTI-LEVEL' as a feature and mentions the track features 'a huge mezzanine level'."
2401,VR Simulators,,True,False,"The facility 'VR Simulators Glasgow' is a virtual reality racing centre, not a physical go-karting track. It provides 'over 85 real life circuits' or 'over 50 different tracks' virtually, not a single physical track. Therefore, a specific length in meters for 'the track' cannot be determined. The business operates from a physical address (36 Gallowgate, G1 5AB) with specific opening hours, indicating it is an indoor venue. There is no mention of any outdoor racing or physical track components, and the concept of a multilevel track does not apply to a non-physical racing environment."
2012,TeamSport Glasgow Clydebank,400.0,True,False,"The website explicitly states '400M TRACK', describes it as 'one of the largest and most challenging indoor venues', and refers to it as an 'INDOOR GO KARTING TRACK'. It also clearly mentions 'MULTI-LEVEL ELECTRIC GO KARTING TRACK' and lists 'MULTI-LEVEL' as a feature."
1613,Xtreme Karting Edinburgh,,True,False,"The website explicitly refers to 'indoor go karting centres' and 'Central Scotland’s largest indoor karting track' for Edinburgh. Customer reviews also mention 'an awesome indoor gokart track'. No mention of outdoor facilities is found. Multiple customer reviews for the Edinburgh location consistently state the track is 'across 2 levels', 'split over 2 levels', and 'remodelled to include an upper level'. No specific track length in meters is provided in either source."
2417,Knockhill Racing Circuit,500.0,False,True,The website explicitly states: 'Race your mates on our purpose-built 500m outdoor karting track!'. There is no mention of an indoor or multilevel track.
1632,Knockhill Karting,500.0,False,True,The 'Knockhill Karting' section on the website explicitly states: 'Race your mates on our purpose-built 500m outdoor karting track!'
1901,East of Scotland Kart Club,,False,True,"The website describes the facility as a 'circuit' and mentions operating hours including 'Dusk in Winter', strongly implying an outdoor track. Reviews mention 'minimoto' and 'supermoto' which are typically used on outdoor circuits. No information in either source indicates an indoor or multilevel track, nor is a specific track length provided."
1598,TeamSport Go Karting Dundee,400.0,True,False,"The website explicitly states '400M GO KART TRACK IN DUNDEE' and 'HOW TO FIND TEAMSPORT DUNDEE INDOOR GO KARTING TRACK'. Reviews confirm it's an 'indoor track'. There is no mention of an outdoor or multi-level track in either source, and descriptions of 'hairpins and speedy straights' do not imply multi-level."
1661,Kids Racing Track,500.0,False,True,The website explicitly states: 'Race your mates on our purpose-built 500m outdoor karting track!'
1596,Codonas Karting,,False,True,"The website explicitly names the attraction as '3-Level Karting', indicating it is multi-level. The karting is listed as 'Open Friday evenings, Saturdays and Sundays. Weather dependant.', which is a strong indicator that it is an outdoor track. Furthermore, karting is not included in the list of activities under 'INDOOR VENUE'. Although it is mentioned as part of an 'INDOOR FULLY-LOADED DEAL', the 'Weather dependant' clause and exclusion from the indoor venue list override this minor ambiguity. No information regarding track length was found."
2342,Centro Deportibo Simeon Antonio,,,,"Neither the provided website content nor the customer reviews contained any information regarding the track's length, whether it is indoor or outdoor, or if it is multilevel."
619,Le Karting,717.0,False,True,"The website explicitly states that 'Karting Guyane' (the karting facility) offers 'une piste de 717 mètres homologuée'. The context of being 'À proximité du circuit de motocross' (a natural outdoor track) and no mention of indoor or multilevel features strongly suggests it is an outdoor, single-level track."
1602,Aviemore Kart Raceway,,False,True,The website explicitly states 'Outdoor Go Karting in the Heart of the Scottish Highlands'. No track length or multi-level features are mentioned in either the website content or customer reviews.
2086,Smart Kart Raceway,500.0,False,True,"The website explicitly states 'our fast but technical 500m track'. Both the website ('FLOODLIT, OUTDOOR & ALL WEATHER KARTING') and customer reviews ('this outdoor track') confirm it is an outdoor facility. There is no mention in either source of an indoor or multi-level track."
697,Buggs Buggy 974,,False,True,"The provided website content was empty. The customer reviews consistently describe a 'buggy ride' on 'trails' with 'fabulous landscapes' and 'bumpy rides', explicitly calling it an 'outdoor activity'. This indicates a guided off-road buggy experience rather than a traditional karting track with a measurable fixed length. Consequently, no specific track length in meters is mentioned. There is no information suggesting any indoor facilities or multilevel track design."
1670,Karting Track,1200.0,False,True,The website's 'OUTDOOR TRACK' section explicitly states 'Length 1200m' for the main circuit. It also repeatedly identifies itself as an 'Outdoor Track' and mentions 'Outdoor Karting Events'. Customer reviews also imply an outdoor setting with a mention of a 'cold weekend'. No information was found to suggest an indoor or multilevel track.
1595,KartSport Indoor Karting,240.0,True,False,The website explicitly states the facility uses 'our 240 metre indoor race arena'. There is no mention of an outdoor or multi-level track.
1724,TeamSport Newcastle,500.0,True,False,"The website explicitly states: 'TeamSport Newcastle boasts two epic tracks under one roof – a 500m multi-level circuit' and 'The standout attraction at TeamSport Newcastle is the multilevel circuit, which spans 500 meters'. It also repeatedly refers to it as 'indoor go karting'."
627,Circuit Quad,1500.0,False,True,"The website explicitly states 'le plus grand circuit d’Occitanie d’1,5 km', which converts to 1500 meters. The description of activities like 'en forêt', 'sentier de randonnée', 'à travers champs et forêts', and 'tout terrain' (all-terrain), along with review mentions of 'circuit through the forest, trails, and roads', strongly confirm it is an outdoor facility. There is no information suggesting it is indoor or multilevel."
1998,Ironworks Straight,,,,"No information about 'Ironworks Straight' or any karting facility was found in the provided website content or customer reviews. The website content pertains to a legal technology company (Dye & Durham), and the customer reviews section is empty."
1923,Teesside Autodrome,2100.0,False,True,"The website states 'teesside autodrome is a perfect test circuit at 2.1km' and under the 'Karting' section claims 'world's longest kart circuit', implying the main adult kart track is 2.1km (2100m). Both website content ('open testing', 'winter events') and customer reviews ('parking on rough surface but good even in the wet') strongly indicate an outdoor facility. There is no information in either source to suggest the track is multilevel."
2179,Nutts Corner Circuit,,False,True,"Length is unknown as neither the website nor reviews provide specific track dimensions. The track is outdoor, explicitly stated by reviews: 'you are outside in all weather and it's absolutely freezing, with very little shelter. there is a food van there but this is also outdoor eating in all weather'. There is no information in either source to suggest the track is multilevel."
2272,OffRoad Explorers,,False,True,"The website describes a 'dedicated 26-acre off-road course' and 'Lakes Adventure' on 'remote Lake District trails', with features like 'Steep Slopes', 'Steep Hills', 'Mud bogs', and 'Rocks'. Customer reviews corroborate the outdoor setting with mentions of 'scenery' and 'off roading'. No information suggests an indoor track. While the course has significant elevation changes ('Steep Slopes', 'Steep Hills'), it is not described as structurally 'multi-level' with distinct overlaid sections typical of some kart tracks. No linear length in meters is provided for any track, only the total area of the main course."
2273,Go-Karts & Street Karts,,False,True,"Website content was empty. Reviews indicate an outdoor track because a user mentioned 'the track was socked and couldn’t even drive without spinning out', implying it was wet from rain. No information regarding track length or multiple levels was found in the reviews."
525,FöhrRing Kartbahn,560.0,False,True,"The website explicitly states the track is '560m langen Outdoor-Strecke'. Both the website (e.g., 'DEUTSCHLANDS NÖRDLICHSTE OUTDOOR E-KARTBAHN') and reviews ('great outdoor track!') confirm it is an outdoor facility. There is no information in either source to suggest it is multi-level, hence it's assumed to be single-level."
1803,West Coast Indoor Go-Karting,,True,False,"The facility name 'West Coast Indoor Go-Karting' clearly indicates it is an indoor track. No information about track length or multi-level design was found in the provided reviews. One review mentioned the 'track was socked', which could imply wet conditions, but this is interpreted as an indoor incident (e.g., spill) rather than an outdoor track, given the explicit 'Indoor' in the facility name and lack of other outdoor references."
1786,Horse Racing Gallops,,,,"No data available (scrape failed, no reviews)"
1764,Pits,,False,False,"The provided 'WEBSITE CONTENT' was empty. The 'REVIEWS' content describes a park/pond (mentioning water, ducks, dog walks, and a car park) and contains no information relevant to a karting track, its length, indoor/outdoor status, or whether it is multilevel. Therefore, no track-specific data could be extracted from the given sources."
2087,Need 4 Speed Karting,,True,False,"No specific track length is mentioned in either the website content or the customer reviews. The website explicitly states 'LOOKING FOR INDOOR KARTING IN NORTHERN IRELAND? YOU HAVE COME TO THE RIGHT PLACE', confirming it is an indoor facility and implying it is not outdoor. There is no information in either source (website or reviews) to suggest the track is multi-level."
2347,My Fit Simply,,False,False,"The provided WEBSITE CONTENT is empty. The CUSTOMER REVIEWS consistently describe 'My Fit Simply' as a 'gym' or 'fitness center' (e.g., 'my fit gym', 'charged me 98 euros to go to the gym', 'nice and clean gym', 'great gym', 'very nice room, very good equipment'). There is no mention of a karting track or any related features (length, indoor/outdoor status, multi-level) in the provided text."
2085,Top Gear Karting,200.0,True,False,The website's 'The Track' section explicitly states 'Track Length: 200m'. The website also states 'Our karting track is completely indoor' and reviews corroborate this ('a great indoor track'). There is no mention of an outdoor or multilevel track.
1918,Karting North East,1200.0,False,True,"The website explicitly states '1200m karting circuit' for the main adult track. It consistently refers to an 'OUTDOOR TRACK', which is corroborated by reviews mentioning a 'cold weekend'. There is no mention of an indoor or multi-level track in either source."
1743,Raceview Karting,,True,True,The website explicitly mentions 'Kids Electric Sela Karts operate on an outdoor track. This track is exclusive to these Sela karts!'. A customer review states 'excellent indoor track'. No information regarding track length or multi-level design was found.
1850,F1K - Indoor Karting,,,,"No data available (scrape failed, no reviews)"
2413,Simon Coles Fitness Services,,,,"The provided website content and customer reviews are for 'Newcastle City Baths', a fitness center, spa, and swimming pool. There is no information or mention of 'Simon Coles Fitness Services' being a karting facility, nor are there any details about a karting track in the provided data. Therefore, the requested track-specific details cannot be extracted."
2355,Simfactory,,True,False,"Both the website and customer reviews consistently describe Simfactory as a 'simulator' facility (e.g., 'SIMFACTORY SIMULATEURS DE PILOTAGE', 'f1 simulator', 'semi-pro simulators'), not a physical karting track. Therefore, there is no physical track length to extract. The facility is clearly indoor, with an 'ESPACE BAR' mentioned on the website and reviews describing a 'nicely decorated atmosphere' and 'paddock as soon as we arrived'. There is no mention of outdoor or multilevel facilities."
574,Jumicar Ostholstein,,False,True,"No specific track length, indoor, or multilevel features are mentioned in the provided website content or customer reviews. The 'is_outdoor' flag is set to true based on the typical operational model of 'Jumicar' (junior car) facilities, which are generally outdoor driving courses for children, and the absence of any indication otherwise."
344,Kartbahn Brookmerland Erwachsene,,False,True,The website states 'Auch bei Regen geöffnet!' (Also open in the rain!) and recommends 'Wärmende Handschuhe mit Grip empfehlenswert' (Warm gloves with grip recommended). These details strongly suggest an outdoor track where weather conditions and temperature variations are relevant. No track length or multi-level information was provided.
200,Burnout Celler Kartbahn,500.0,True,False,"Track length: A customer review states the track is '~500m long'. The website mentions a '100m more Strecke' as a new section, implying the total length is around this figure. Is Indoor: The website describes 'Discobeleuchtung und Nebel' (disco lighting and fog) and a track with a 'zweiten Ebene inkl. Steilkurve in 6 Meter höhe und eine seperate Brücke und Tunnel', which are characteristics of an indoor track. There is no mention of outdoor elements. Is Outdoor: No information in either source suggests an outdoor track. Is Multilevel: The website explicitly states 'Mit unserer zweiten Ebene inkl. Steilkurve in 6 Meter höhe und eine seperate Brücke und Tunnel' and 'Ab sofort ist unsere 2. Ebene offiziell eröffnet!'. Reviews also confirm a 'superb track on two levels'."
1665,Anglia Karting Centre,1030.0,False,True,The website explicitly states: 'Anglia Karting hosts two of the most amazing outdoor karting race tracks which can be combined to make a 1.03km'. It also repeatedly refers to itself as 'The Ultimate Outdoor Karting Experience'. There is no mention of indoor or multi-level tracks.
1871,Sector 1,,,,"No data available (scrape failed, no reviews)"
2410,Vector Virtual Reality,,,,"The provided website content is for a domain sale (vectorvr.co.uk) and mentions 'Vector Virtual Reality'. It contains no information describing a physical karting facility or any details about a track (length, indoor/outdoor, multilevel). No customer reviews were provided."
1808,Daytona Tamworth,,False,True,"Website explicitly labels 'TAMWORTH Outdoor Karting'. Customer reviews mention racing in 'heavy rain' and 'wet puddles', confirming it's an outdoor track. No information regarding track length or multi-level design for Tamworth was found in either source, thus length is null and multi-level is inferred as false due to lack of mention."
1771,PF International,,False,True,"The website explicitly states 'PF INTERNATIONAL IS THE UK'S PREMIER OUTDOOR KARTING CIRCUIT' and 'UK's largest outdoor karting circuit', indicating it is outdoor and not indoor for karting. It also mentions 'an extension was added on to the track including a bridge', which confirms a multilevel design. No specific track length in meters was provided in the content."
464,Skate- und Kartbahn,,True,False,"No track length information was found in either the website content or customer reviews. For 'is_indoor' and 'is_outdoor', there is no explicit mention in the provided text. The inference for 'is_indoor' as true and 'is_outdoor' as false is based on the absence of any descriptions typically associated with outdoor tracks (e.g., weather dependency, open-air environment, scenic views), suggesting it is likely an indoor facility for consistent year-round operation, which is common for recreational karting. For 'is_multilevel', there is no mention of multiple levels, bridges, or elevation changes, which are features typically highlighted if present."
1777,TeamSport Go Karting Stoke,500.0,True,False,"The Website explicitly states '500M TRACK' and 'Multi-Level 500m circuit' multiple times, and consistently refers to the facility as an 'indoor karting track'. Customer reviews also mention 'interesting elevation changes', supporting the multi-level aspect."
2160,Dummy Grid,,,,"No data available (scrape failed, no reviews)"
266,Kartbahn Schönerlinde,,False,True,"Track length is not mentioned in either the website content or customer reviews. The 'START / ZIELLINIE BEI NACHT' image on the website and repeated mentions in reviews of 'asphalt', 'recently paved', and 'resurfaced road surface' strongly indicate an outdoor track. There is no mention of an indoor or multilevel track in either source."
2211,Stretton Circuit,950.0,False,True,"The website explicitly states: 'Race through the twists, turns and open air on our fast, flowing and challenging 950m floodlit circuit.' and 'The Circuit Measuring 950m, our outdoor karting circuit'. It is repeatedly described as an 'outdoor karting experience' and 'outdoor karting circuit', with no mention of an indoor track. The description of 'high and low speed corners, chicanes and our famous hairpin bends' refers to the horizontal layout, not vertical levels, and there's no mention of elevation changes or multi-level features."
2412,Mallory Park Racing Circuit,,False,True,"The provided website content and customer reviews describe Mallory Park Racing Circuit as an 'iconic motor sport venue' for car and motorcycle racing, situated in the 'Leicestershire countryside' among 'tranquil lakes and rolling hills'. Neither source provides a specific track length in meters for a karting track or the main circuit. The outdoor nature is explicitly stated and implied by descriptions of the setting and viewing points. There is no information or mention of an indoor or multi-level track facility."
1625,Ace Karting Plus Ltd,,True,False,"The provided content is for 'PMG Karting World', not 'Ace Karting Plus Ltd'. This extraction is based on the details provided for 'PMG Karting World'. Track length in meters is not specified in either source. The facility is explicitly described as 'Indoor Entertainment' on the website and reviews refer to it as an 'indoor track'. There is no mention of an outdoor track. The website repeatedly highlights its 'multilevel go-karting track', stating it's 'the ONLY multilevel track in the UK', a feature implicitly supported by reviews calling it a 'first of its kind track'."
1768,Fulbeck Kart Circuit,,False,True,"The provided website content is only about cookies and privacy, offering no track details. Reviews mention a 'track', 'circuit', 'paddock', 'road up to the track', 'entrance road', 'pits', 'tarmac area', 'showering facilities', and 'racing weekend cafe', all strongly indicating an outdoor facility. There is no mention of any indoor track or a multilevel design. No specific track length in meters is provided, although a review notes '250cc shifter karts hit just below 100mph', implying a sufficiently long track."
356,Jumicar,350.0,False,True,"The website explicitly states a '350 m Rennbahnstrecke' for the Formel1 karts (for children 9+). The repeated mention of 'Die Saison 2025 ist BEENDET!' and a specific end date (Freimarkt Beginn) strongly indicates an outdoor, seasonal operation. There is no mention of an indoor track or a multilevel layout."
1712,Jurassic Gardens,,False,True,"The website content for 'Jurassic Gardens' describes a track for 'coin-operated cars for older kids' but does not specify its length in meters. The attraction is located within 'Pleasure Beach Gardens' and is named 'Jurassic Gardens', strongly implying an outdoor setting. There is no information suggesting the track is indoors or multilevel."
2367,Simulateurs auto E-Motion,,,,"The facility 'Simulateurs auto E-Motion' exclusively offers racing simulators, not a physical karting track. Both the website content ('Simulateurs auto') and customer reviews ('f1 simulator', 'simulator itself', 'sim racing experience') consistently refer to virtual simulation activities. Therefore, physical track characteristics like length, indoor/outdoor status, or multilevel design are not applicable."
1805,Chequered Flag Karting,,False,True,"Website content was not provided. Information is derived solely from customer reviews. One review mentions navigating 'up a dirt track full of holes' to reach the facility, strongly implying an outdoor location or at least very rustic outdoor access. Another review notes 'missing a loo', which is more common in basic outdoor facilities. There is no mention of track length, multi-level features, or any elements suggesting an indoor track."
2161,Glan Y Gors Park,,False,True,"The website explicitly states it is 'Wales’ biggest and most thrilling outdoor kart circuit', confirming it is outdoor. Reviews also mention it is 'long' and the 'biggest go kart track in north wales'. However, no specific length in meters is provided. There is no mention of an indoor or multilevel track in either source."
682,Base US Karting,700.0,True,True,"The website explicitly states an 'outdoor circuit de 700 mètres' and an 'indoor track of 400 m on two levels'. The outdoor track length is chosen as the main adult track, and the indoor track's multi-level feature confirms is_multilevel."
5,De Vries indoor karting,,True,False,"Track length is not mentioned in either the website content or customer reviews. The facility is explicitly described as 'Indoor Karting' multiple times on the website and implied by review comments about 'air in there' and 'ventilation'. There is no mention of an outdoor track. The website states the circuit has 'prachtige bochtencombinaties over twee verdiepingen' (beautiful corner combinations over two floors/levels), and reviews mention 'the track has some elevation changes', confirming it is multi-level."
530,DWA Racing,900.0,False,True,The website explicitly states '900 Meter lang' for the track length and 'DIE OUTDOOR KARTBAHN FÜR BREMEN UND UMZU' indicating it is an outdoor track. There is no mention of an indoor track or multiple levels in either the website content or the reviews.
1755,Langar Karting and Quad Centre,750.0,True,False,"The website explicitly states 'RACE ON OUR MULTI-LEVEL 750M GO KART TRACK' and refers to itself as 'the best indoor go karting' and 'TEAMSPORT INDOOR KARTING NOTTINGHAM'. It also mentions 'epic flyovers', confirming the multi-level nature."
274,GoKart-Bahn,,True,False,"Track length in meters is not explicitly mentioned in either the website content or customer reviews; 'Über 5.000 m²' refers to the facility's total area. The track is confirmed as indoor by the website ('Indoor-Strecke', 'Indoor-Karting', 'im trockenen') and reviews ('2 story car park'). There is no mention of an outdoor section, indicating it's purely indoor. The track is definitively multilevel ('Zwei Etagen', 'Streckendesign über zwei Etagen' on the website, and '2 story car park', 'Strecke über 2 Ebenen' in reviews)."
2105,Rednal Karting,,False,True,"Track length is not mentioned in either source. Reviews explicitly mention 'a proper outside track' and that it 'was very wet', confirming it is an outdoor facility. There is no mention of an indoor or multilevel track in either the website content or customer reviews."
12,Kartcircuit Pottendijk,,False,True,"Track length and multilevel information are not mentioned in either the website content or customer reviews. The 'is_outdoor' flag is set to true with high confidence based on customer reviews mentioning the use of 'yellow flags' and waiting 'three laps' for help, which are typical characteristics of an outdoor karting circuit. No information suggests it is an indoor or multilevel track."
559,Faßbergring,,False,False,"The provided 'WEBSITE CONTENT' and 'CUSTOMER REVIEWS' are exclusively about the 'DORMERO HOTEL BERGSTRÖM LÜNEBURG'. There is no mention of 'Faßbergring' or any karting facility, track details, or related keywords in either data source."
2267,Karttrack Cromer,550.0,False,True,The website explicitly states: 'With a 550 Meter outdoor track' and 'Norfolks premier outdoor Karting circuit.' There is no mention of an indoor or multi-level track.
1820,TeamSport Nottingham,750.0,True,False,"The website explicitly states 'RACE ON OUR MULTI-LEVEL 750M GO KART TRACK' and further describes it as '750M TRACK' and 'MULTI-LEVEL' with 'epic flyovers'. It also clearly identifies the facility as 'indoor go karting' and 'TEAMSPORT INDOOR KARTING NOTTINGHAM', with no mention of an outdoor track."
676,On'Kart,,True,False,"The reviews explicitly state 'the best indoor experience ever!', indicating it is an indoor facility. No information was found regarding track length or whether it is multi-level or outdoor. The lack of mention for outdoor or multi-level features, coupled with the specific 'indoor' reference, leads to the conclusion that it is solely an indoor track without multiple levels."
2338,Sportpark Hege simmerdyk,,,,"No data available (scrape failed, no reviews)"
1847,Nottingham Raceway,550.0,False,True,"The 'Track & karts overview' subpage of the website explicitly states 'Circuit Length: 550m'. The track is described as an 'action packed race circuit' and the address is an outdoor location (Station Road, Upper Broughton). Reviews mention 'petrol ones' which are typically used on outdoor tracks. There is no information to suggest it is indoor or multilevel."
493,Emslandring,600.0,False,True,"The website explicitly states: 'Die 600 m lange ... Strecke wurde speziell für den Kartsport entwickelt und gebaut.' It also refers to the facility as 'ultimative Outdoor-Bahn'. Reviews mention driving 'especially in the rain', reinforcing its outdoor nature. There is no mention of the main kart track being multi-level in either source."
2406,Scalextric Racing,,True,False,"The website mentions '6000 Square feet of floor space' and reviews describe it as a 'great big place' with '8 tracks' and a 'cafe', strongly indicating an indoor slot car racing facility. Neither the website nor the reviews provide a specific track length for any of the tracks. There is no information in either source to suggest outdoor tracks or explicitly confirm that the tracks are multilevel (e.g., having bridges or elevation changes beyond standard slot car layouts)."
1725,Midland Karting,,False,True,Track length is not specified in the provided website content or customer reviews. The website explicitly states 'ultimate outdoor go-karting experience' and mentions using 'former airfield tarmac'. Customer reviews also imply an outdoor setting by referencing 'the weather today'. There is no information about multi-level or indoor tracks in either source.
2339,De Vries Indoor Karting,,True,False,"The website explicitly mentions 'Indoor Karting' multiple times and states the track is 'over twee verdiepingen' (over two floors/levels). Reviews mention 'air in there' and 'the track has some elevation changes', confirming indoor and multi-level aspects. No track length was found in either source, hence 'null' for length_meters."
1674,TeamSport Leicester,500.0,True,False,"The website explicitly states 'TeamSport's Leicester 500m Multi-level circuit' and 'TeamSport’s 500m multi-level indoor karting centre'. Reviews also mention 'no marshall up stairs' confirming the multi-level aspect, and 'freezing cold corridors' suggesting an indoor venue."
206,Battle-Kart,,True,False,"The website describes an experience with 'virtuellen Umwelt und den auf den Boden projizierten Boni' (virtual environment and bonuses projected onto the floor). A review confirms that 'Strecken und Spielmodi... auf die Spielfläche und sogar die Wände projiziert werden' (tracks and game modes... are projected onto the play area and even the walls), and mentions spectators watching 'von der Tribüne von oben' (from the stands from above). These details strongly indicate an indoor facility where projections are feasible. There is no mention of outdoor tracks or multi-level track designs. Track length is not specified in either source."
11,Circuitpark Karting Texel,500.0,False,True,The website explicitly states: 'Karting Texel beschikt over een origineel buitencircuit van circa 500 meter.' Reviews refer to it as 'a fun outdoor kart track'. There is no mention of an indoor or multi-level track in either source.
2344,Virtual Place,,False,False,"The provided WEBSITE CONTENT and CUSTOMER REVIEWS are for 'Vortex Expérience', which is a Virtual Reality (VR) experience center, not a karting facility. The text describes 'salles VR' (VR rooms), 'jeux en réalité virtuelle', VR headsets, and free-roam experiences. Therefore, there is no physical karting track data to extract."
690,Karting Family Fun Park,,True,False,The provided website content was blocked and inaccessible. Reviews explicitly state the facility is 'indoors' for karting. There is no information available in the reviews regarding the track's length or whether it is a multilevel track. No mention of an outdoor track was found in the provided text.
1601,Race Kart Centre,,False,True,"No specific track length is mentioned in either source; reviews describe it as a 'little circuit'. Both the website ('When weather forces cancellations...') and reviews ('rain was biblical', 'slippy in the wet') strongly indicate an outdoor track. There is no mention of indoor facilities or multilevel features like bridges or tunnels."
1659,Parkwood Karting,470.0,False,True,"The website explicitly states the track length as '470 metre' on multiple pages (Home, Track, Karts & Track). It is consistently described as 'Outdoor Go-Karting' and an 'outdoor tarmac track' on the website, which is reinforced by reviews mentioning 'great outdoor track' and 'over other indoor venues'. The website mentions 'Track elevation changes' and 'Downhill straight', which indicates gradients but does not explicitly confirm a multi-level track structure (e.g., with multiple distinct tiers or flyovers)."
1585,Amen Corner Karting,,,,"No data available (scrape failed, no reviews)"
14,LevelRacing,,False,False,"The provided website content describes LevelRacing as a shop (winkel) selling karting equipment (overalls, shoes, protection, etc.) located in Surhuisterveen. It does not contain any information about a karting track or facility. The customer reviews section is empty. Therefore, no data about a track's length, indoor/outdoor status, or multilevel features could be extracted."
270,Kartbahn Lühneburg,,False,False,"The provided website content and the absence of customer reviews offer no information regarding the track's length, whether it is indoor or outdoor, or if it features multiple levels."
680,BattleKart Lyon-Mornant,,True,False,"The website states 'L’espace de jeu de 1 450 m²' (game space of 1,450 m²), which refers to the total facility area, not the length of a single track lap. No specific track length in meters is provided in either source. The concept described, involving virtual projections on the ground, electric karts, immersive lighting, and a 'track without physical obstacles,' strongly indicates an indoor facility. There are no mentions or implications of outdoor or multilevel track features; the focus is on a flat, projection-based surface."
2336,Model Racing Club Real 80,260.0,True,True,"The website's main page states: 'Buiten, het prachtige asfalt racecircuit van 260 meter lang.' This refers to the primary outdoor track. The website also mentions 'Binnen, een indoorbaan' and 'mini-z baan' alongside a drift track in the canteen, confirmed by reviews mentioning a 'drift track' and 'outdoor on-road circuit'. There is no information suggesting any track is multi-level."
2407,Virtually Golf,,True,False,"The provided website content and customer reviews clearly indicate that 'Virtually Golf' is a virtual golf simulator and entertainment venue, not a karting facility. Therefore, information regarding a physical karting track (length, outdoor/multilevel) is not applicable. The venue is explicitly described as an 'event space', 'clubhouse', and 'first-floor venue' with 'state-of-the-art simulators' and 'VR adventures', confirming it is an indoor establishment."
1657,TeamSport Karting Sheffield,950.0,True,False,"The website explicitly states the track is '950m of racing line, split over 2 levels' and an 'indoor go-karting venue' multiple times. Customer reviews confirm it is 'indoor karting' with a 'track on two levels'. While one review mentioned '465m track', the official website consistently lists 950m, which is preferred."
1594,Go-Karts,,False,True,The website describes itself as 'LINCOLNSHIRE’S LARGEST OUTDOOR ACTIVITY CENTRE' and mentions a 'Kart Circuit'. Reviews repeatedly confirm 'best outdoor karting' and 'top-notch outdoor karting'. There is no mention of an indoor karting track or a multi-level track. The track length is not specified in either source.
1788,Go Karting Club,,True,False,"The provided WEBSITE CONTENT was empty. Reviews explicitly state the facility is 'indoors so brilliant in wet weather'. There is no mention of an outdoor track or a multilevel design, nor is track length specified."
2368,Racing Sensation 42,,True,False,"The reviews consistently describe 'Racing Sensation 42' as a 'driving simulator' facility, using terms like 'awesome driving simulator,' 'amazing simulators,' and 'great simulation.' This indicates it is not a physical karting track, so specific track attributes like length or physical multilevel design are not applicable or cannot be extracted. The facility housing the simulators is implicitly an indoor environment, hence 'is_indoor' is set to true for the racing experience location."
384,Kart-O-Drom,,True,True,"The website does not provide track length or explicit details on indoor/outdoor/multilevel. Multiple customer reviews explicitly state the track has both indoor and outdoor sections, with one review mentioning 'the track runs from indoors to outdoors' and another 'you can race both indoors and outdoors, all on one track'. A review also describes the track as having an 'exceptionally flat surface', indicating it is not multilevel."
2237,Cartio Môn,,,,"No data available (scrape failed, no reviews)"
2111,Hooton Park Circuit,,False,True,"Track length is not specified in either the website content or customer reviews. The website states the circuit was constructed on the site of an 'old Hooton Airfield', and customer reviews mention the 'road getting to track' being affected by 'recent weather', both strongly implying an outdoor facility. There is no information in either source to suggest the track is indoor or multi-level."
2091,M1 Go Karts,,False,False,"Neither the provided website content nor the customer reviews offer specific data for any of the requested fields. Track length is not mentioned (though one review refers to it as a 'great little track'). There is no information to indicate if the track is indoor, outdoor, or multilevel."
2332,KOENE Karting,480.0,False,True,"The 'TRACK INFORMATION' section on the website explicitly states 'Track Length x 480 metres'. While another section mentions '470 metres', the specific 'TRACK INFORMATION' detail is prioritized. The website also explicitly states it is an 'Outdoor Circuit' and has no mention of indoor or multi-level features."
44,Kartbaan Ulrum,,False,True,"The website explicitly states 'Echt karten doe je buiten!' and refers to 'onze prachtige buitenbaan' multiple times. Customer reviews also mention 'that outdoor track was great'. No information about an indoor or multi-level track was found, nor was any specific track length mentioned."
1612,TeamSport Liverpool,475.0,True,False,"The website explicitly states for the main adult track: 'our 475m track', 'UK’s #1 indoor karting circuit', and '475M MULTI-LEVEL'. There is no mention of an outdoor track."
1290,Impasse du Karting,,False,True,"The website explicitly states that activities are 'en plein air' (outdoors), indicating an outdoor track. There is no mention of indoor karting or a multilevel track design. The website indicates '5 pistes karting/auto' (5 karting/car tracks) but does not provide specific lengths for any of them."
2073,Quarry Kart Track,3000.0,False,True,"Website explicitly states 'Conquer a mighty 3km of downhill slate mountain track', providing the length and confirming it's an outdoor, mountain-based track. The 'downhill' description, along with features like 'tunnels, berms, chicanes and banked corners', indicates significant elevation changes making it multilevel in nature."
1671,TeamSport Karting Manchester Trafford,450.0,True,False,"The website explicitly states '450-meter TeamSport Trafford Park circuit' and '450M TRACK'. Both the website and reviews consistently refer to the facility as 'indoor karting' or 'indoor go-karting centre'. The website also mentions a 'stunning flyover', indicating a multi-level design. No mention of an outdoor track."
1880,Avago Karting,,True,False,"The website explicitly states 'Avago Indoor Karting' and 'indoor track' multiple times. Customer reviews also mention 'indoor karting'. No mention of track length was found. Multiple customer reviews explicitly mention an 'upper section' and 'upstairs bit' of the track, indicating it is multi-level. There is no mention of an outdoor track."
236,Kartland,,False,False,"The provided 'WEBSITE CONTENT' describes an online casino named 'Platincasino' and contains no information about 'Kartland' or a karting track. The 'CUSTOMER REVIEWS' section is empty, thus no data could be extracted for the requested fields."
2402,Simkim Martial Arts Academy,,False,False,"The provided website content and customer reviews describe 'Martial Art Concepts', a martial arts academy, not a karting facility. There is no mention of a karting track, its length, or any track-related features (indoor, outdoor, multilevel) in the provided text for this entity."
528,Ralf Schumacher Kartcenter,,True,True,"The website explicitly mentions 'INDOOR STRECKE 0 m' and 'OUTDOOR STRECKE 0 m', indicating that the track length is not provided in the content. However, it explicitly states 'DAS KARTFAHREN AUF UNSERER INDOOR- UND OUTDOORKARTBAHN IST ALS GRUPPE ODER EINZELFAHRER MÖGLICH', confirming both indoor and outdoor tracks. There is no information about multi-level features."
444,Kart-Bahn Templiner Ring,1105.0,False,True,"The website's 'die bahn' subpage explicitly states 'Die Bahn hat eine Länge von über 1.100 Metern' and lists track records for the main configuration at '1.105 mtr.'. Both the website and reviews confirm it is an 'Outdoor-Kartbahn' and mention weather-related closures (ice, freezing temperatures). There is no mention of multi-level sections in either source."
1722,ELK Motorsport,,False,True,"The track length is not explicitly stated in either the website content or customer reviews. The website explicitly identifies itself as 'Outdoor Go Karting' and a 'premier outdoor karting facility', which is corroborated by reviews mentioning a 'decent outdoor track' and 'located in the countryside'. There is no mention of multiple levels, bridges, or tunnels in either source; descriptions focus on 'long straights, tight bends, and hairpin turns'."
604,Treggerbahn,,,,"Neither the provided 'WEBSITE CONTENT' (which was empty) nor the 'CUSTOMER REVIEWS' contain any information relevant to a karting facility called 'Treggerbahn'. The customer review appears to describe a historical site or cultural heritage location, discussing accessibility issues, and not a karting track. Therefore, no track specifications could be extracted."
575,BB-Kartbahn,,True,False,"The website explicitly states 'Indoor-Strecke der Extraklasse' and mentions a design 'über zwei Etagen' with 'Steile Abfahrten & Bergauf-Passagen'. Customer reviews reinforce this, mentioning '2 story car park' and '2 Etagen zu einer spannenden Rennstrecke konstruiert. Auch bei Regenwetter fährt man hier im trockenen'. No specific track length in meters was found; 'Über 5.000 m²' refers to the total facility area. There is no indication of an outdoor track."
1604,Chaos Karts,,True,False,No specific track length is mentioned in either source. The website's description of 'fully projected worlds' and 'state-of-the-art projection technology' strongly implies an indoor setting. This is corroborated by reviews mentioning a 'waiting area' and the venue being an 'old warehouse type space.' No information suggests an outdoor component. A review describing the track as 'just a large empty space with lighting on the wall on floors' indicates a single-level layout.
167,Kartbahn,,,,"No data available (scrape failed, no reviews)"
455,boxenstop Carrera-Bahn,,,,"No data available (scrape failed, no reviews)"
2300,Lockwell Hill Karting,,False,True,"The provided WEBSITE CONTENT is entirely about cookie policies and contains no information about the track. CUSTOMER REVIEWS explicitly state it is an 'outdoor track' and part of 'outdoor activities'. Several reviews mention 'biggest elevation change we have experienced so far' and 'going up and down the hill', indicating it is a multilevel track. Track length is not mentioned in any source."
2045,Pikehall Harness Racing,,False,False,"The provided website content and customer reviews pertain to 'Nottingham Racecourse', a horse racing facility, and do not contain any information about a karting facility or kart tracks for 'Pikehall Harness Racing'."
2251,Silvercone,,False,False,"The provided 'WEBSITE CONTENT' and 'CUSTOMER REVIEWS' are exclusively about 'The Ice Cream Farm' and contain no mention whatsoever of 'Silvercone' or any karting track, its length, whether it's indoor/outdoor, or if it's multilevel. Therefore, no data could be extracted for the requested entity."
171,Karthalle Fraureuth,360.0,True,False,"The website's main page explicitly states 'Der ultimative Fahrspaß auf 360m Länge...' (The ultimate driving pleasure on 360m length...). It also clearly states 'Indoor Kartbahn' and on the 'Über uns' page, 'Europaweit einzige Kartbahn in einem überdachtem Rundbau!' (Europe's only kart track in a covered round building!), which is supported by reviews mentioning an 'old gdr production hall'. There is no mention of an outdoor or multi-level track in either the website content or customer reviews; such features are typically highlighted if present."
116,Factorykart,500.0,True,True,"The website states the track 'was expanded to 500m' prior to the 2018 renovation and rebranding to Factory Kart. While it mentions the track was 'adapted and renovated' afterwards, no new specific length is provided, making 500m the most recent explicit length available. The facility is explicitly referred to as 'Indoorkarting' and reviews confirm it's an 'indoor karting track'. The website also explicitly mentions that endurance races are organized 'zowel op binnen- als buitencircuit' (both on indoor and outdoor circuits), indicating the presence of an outdoor track section or distinct outdoor track. There is no mention of multiple levels in either the website content or customer reviews."
1852,Wight Karting,,False,True,The website explicitly states 'All-weather outdoor karting on the Isle of Wight'. Customer reviews confirm the outdoor nature by mentioning racing in 'worst weather' and a 'wet track after the rain'. No information regarding track length or multiple levels was found in either the website content or customer reviews.
411,Speedway- und Kartbahn Homberg (Ohm),,,,"No data available (scrape failed, no reviews)"
163,Westerwaldring,,,,"No data available (scrape failed, no reviews)"
1775,TeamSport Bournemouth,,True,False,"Track length in meters is not explicitly stated in either the website content or customer reviews. The website explicitly states 'electric indoor go-karting' and 'indoor go karting track', confirming it's indoor with no mention of an outdoor track. The website also prominently features 'MULTI-LEVEL' as a characteristic, which is supported by reviews mentioning a '2 level track' and 'ramp up to a higher' section."
1139,Karting cazin,,,,"The provided 'WEBSITE CONTENT' clearly refers to 'KARTGRAV' and 'Gravelines (59)', not 'Karting cazin'. Therefore, this content was disregarded for extracting data specific to 'Karting cazin'. The 'CUSTOMER REVIEWS' for 'Karting cazin' do not provide any information about the track's length, whether it is indoor or outdoor, or if it is multilevel."
1879,Sandham Karts,150.0,False,True,"The website explicitly states '150-metre track'. The outdoor nature is inferred from the facility's location at 'Sandham Gardens, Sandown Bay' and the absence of any mention of an indoor track. There is no information in either source suggesting the track is multilevel."
1793,Go-Kart Track,,False,True,The website explicitly states 'All-weather outdoor karting'. Customer reviews corroborate this by mentioning racing in 'worst weather!!' and distinguishing an 'indoor waiting area' from the track itself. No information about track length or multi-level design was found.
375,KMS-Kartcenter,,,,"No data available (scrape failed, no reviews)"
128,Brussels South Karting,500.0,True,False,"The website explicitly states the track length: 'une piste d’une longueur de 500 mètres'. It mentions a 'Club House offrant une vue panoramique sur la piste', which strongly implies an indoor track visible from a dedicated indoor viewing area. There is no mention of an outdoor or multi-level track on the website or in the reviews. Reviews also hint at a relatively flat track with 'few (if any?) alternative lines'."
1890,Abbotsbury Swannery Go Karting,580.0,False,True,"The website explicitly states '580 Metre Outdoor Track' multiple times and 'Length: 580m', also describing it as an 'outdoor circuit'. Reviews confirm it's an 'outdoor karting' experience, mentioning rain and wind, which are characteristic of outdoor tracks. There is no mention of it being indoor or multi-level in either source."
483,Kartland Sinn,,True,False,"Customer reviews explicitly mention 'cool indoor track'. There is no information about track length or whether it is multi-level in either the website content or the reviews. The explicit mention of 'indoor track' suggests it is solely an indoor facility, with no indication of an outdoor component."
112,Karting Eupen,,True,False,"The track length (length_meters) is null as neither the website content nor the customer reviews provide any specific data for this metric. The track is identified as indoor ('is_indoor': true) because customer reviews explicitly mention 'in the hall', and the website refers to a 'multi activity center' offering other typically indoor activities like 'axe throwing' and 'bar games'. It is marked as not outdoor ('is_outdoor': false) as there is no mention of an outdoor track in either source, and the indoor indicators contradict an outdoor setting for the main track. It is assumed not multilevel ('is_multilevel': false) due to a complete absence of information or hints regarding multiple levels or elevation changes from both data sources. The overall confidence is 'Low' primarily due to the missing data for track length and the assumption regarding the track's single-level nature."
800,Lille Karting,900.0,True,True,"The website explicitly states 'une piste intérieure de 600m' and 'une piste extérieure de 900m éclairée'. The outdoor track is described as 'très rapide' with 390cc karts for experienced drivers, making it the primary adult track. There is no mention of multiple levels for either track."
537,Kinderquadbahn Firmenich,,False,True,"The website explicitly states that the track closes due to 'Dauerregen, starker Nässe und Unwetter' (continuous rain, heavy wetness, and bad weather), which strongly indicates it is an outdoor facility, not indoor. There is no mention of specific track length, and while the website refers to a 'kleinen oder großen Quadbahn' (small or large quad track), this suggests distinct tracks rather than a single multi-level track. No information regarding multiple levels (e.g., bridges, tunnels, elevation changes) is provided on the website or in reviews."
527,Mini Kartbahn,800.0,True,True,"The website explicitly states the track is 'ca. 800m (mit Außenstrecke)'. It also mentions the track was 'im Jahr 2020 um eine Außenstrecke erweitert!', confirming an outdoor section. Reviews confirm an indoor section for winter, stating 'we went in winter when the track is only indoors'. There is no mention of the track having multiple levels (bridges, tunnels, or elevation changes)."
1618,Grand Prix Go Karts,,False,True,"The website specifies the location as 'Dawlish Warren' and provides directions involving a 'coastal road', which strongly implies an outdoor facility. There is no mention of track length or multiple levels. Reviews do not contradict these points and also do not provide track length or multi-level information."
403,MS Drift & Fun Center,,True,False,"No specific track length is mentioned in the provided content. The facility uses electric go-karts, as a review states 'no smell of gasoline because the go-karts are electric,' which is a very strong indicator of an indoor track due to fume control. Other activities like arcade games and axe throwing are typically indoor. There is no mention of any outdoor features or track characteristics. No information about multiple levels on the track is available."
312,Kartbahn Oppenrod Stefan Bellof,,False,True,"Length in meters is not mentioned in either the website content or the customer reviews. The track is described as having a 'beautiful outdoor setting' and seasonal operation (ending in November) on the website and reviews, indicating it is an outdoor track. Reviews explicitly mention an 'incredibly exciting, with a fantastic up-and-down course' and 'superb topography,' confirming it is multilevel due to elevation changes, even if not a multi-story building."
1843,F1 Cars,,False,False,"The provided website content and customer reviews describe 'Formula Cars', an independent Volvo specialist and Brian James Trailer dealer, not a karting facility. No information regarding a karting track, its length, or type (indoor/outdoor/multilevel) was found in the provided sources."
123,Karting Amay,,False,True,"The customer review describes 'a truly magnificent trail in a lush green natural setting!', which indicates an outdoor track. There is no information about length, indoor, or multilevel features in either the website content or reviews."
441,Go-Kart-Bahn,380.0,True,False,"The website explicitly states the track length as '380 m' twice ('Auf 380 m bieten wir Adrenalin pur' and 'Top Strecke 380 m Adrenalin pur'). It also mentions that an 'Industriehalle' (industrial hall) was converted into a kart track in 1995, indicating it is an indoor facility. There is no mention of an outdoor racing track, only an outdoor 'Chill Zone'. While the track is described as 'extremely challenging' and 'demanding', there is no explicit information about it being multi-level (e.g., mentioning bridges, ramps, or elevation changes) so it is presumed to be single-level."
2040,Go Karting Track,,False,True,"Track length is not mentioned in either the website content or customer reviews. The website explicitly states 'All-weather outdoor karting'. Customer reviews mention an 'indoor waiting area' but not an indoor track, and also refer to racing in 'worst weather', strongly implying an outdoor track. No information regarding a multilevel track was found in either source."
28,Kartingbaan Vaals,,False,True,"The website explicitly states multiple times: 'DE ENIGE OUTDOOR KARTBAAN VAN LIMBURG' and 'Outdoor Karting Vaals'. A customer review also refers to it as 'outdoor good place'. No mention of track length or multi-level features was found in either source. The phrase 'circuit is good fun but a bit boring since you can just floor it all the way around' in a review suggests a relatively simple/flat track, indirectly supporting the 'not multi-level' conclusion."
2031,South Coast Karting,580.0,False,True,"The website explicitly states '580 Metre Outdoor Track' and 'Length: 580m' multiple times. Reviews corroborate the outdoor nature, mentioning 'first time outdoor karting' and 'nice open area'. There is no mention of an indoor or multilevel track in either source."
132,Mini-auto's,,,,"The provided 'WEBSITE CONTENT' and 'CUSTOMER REVIEWS' are exclusively about a MINI car dealership ('HASSELT STORE'), focusing on car sales, service, and test drives. There is no mention of a karting facility named 'Mini-auto's' or any details about a karting track (length, indoor/outdoor, multi-level features). Therefore, no track-specific data could be extracted from the given sources."
1629,TeamSport Eastleigh,500.0,True,False,"The website explicitly states the track is '500m', 'multi-level' and an 'indoor' venue, e.g., 'RACE ON OUR MULTI-LEVEL E-KARTING TRACK IN SOUTHAMPTON' and 'Southampton course packs so much in to 500m'. Reviews confirm the 'multi-level' nature with mentions of 'upper deck' and 'lower deck', and reinforce the indoor aspect. There is no mention of an outdoor track."
186,Le Mans Karting,400.0,True,False,The website explicitly states '400 Meter Action - die längste Kartbahn in Köln!' on the main page and 'Mit 400m Rennstrecke die längste und schnellste Indoor Kartbahn in Köln.' on the 'kartbahn' subpage. It also refers to the facility as a 'Go-Kart-Halle'.
142,Mini auto 's,,False,False,"The provided 'WEBSITE CONTENT' is for a MINI car dealership (JUMA LEUVEN) and contains no information about a karting track or facility. The 'CUSTOMER REVIEWS' section is empty. Therefore, no track-specific data for 'Mini auto 's' could be extracted from the provided sources."
144,Karting Genk Horensbergdam,1360.0,False,True,"The website explicitly states '2 prachtige circuits 550m of 1360m lang!'. The 'PRO-CIRCUIT' is mentioned for karting, implying the longer 1360m track is the main adult professional circuit. The description of a 'worldberoemde circuit' and racing 'in de bandensporen van huidige F1 racehelden' strongly indicates an outdoor facility. There is no mention of an indoor or multilevel track in either source."
101,Cargo-Karting,,True,False,"Customer reviews explicitly state 'two-level indoor track'. The issue with 'exhaust system' and 'exhaust fumes' further supports it being an indoor facility. No information regarding track length was found in either source, nor any mention of an outdoor track."
1109,Karting Club Gravelinois,,False,False,"The provided WEBSITE CONTENT focuses solely on track regulations and flag meanings, offering no details about track length, whether it's indoor/outdoor, or if it's multilevel. The CUSTOMER REVIEWS mention 'track' or 'trail' but provide no specific descriptive data regarding its characteristics (length, indoor/outdoor status, or multilevel design)."
205,Kart-Center Erfurt,800.0,True,True,"The Website states 'Auf ca. 800m (mit Außenstrecke)'. It also mentions the track 'wurde im Jahr 2020 um eine Außenstrecke erweitert!', implying an existing indoor section, further supported by reviews stating 'we went in winter when the track is only indoors' and 'the track is really great, with an outside lane'. No mention of multiple levels for the track itself, only a spectator 'KartWalk'."
2072,Karting at Haynes,,False,True,"Track length is not specified in the provided website content or customer reviews. The website explicitly states 'Somerset’s Number One Outdoor Karting experience', 'Our Outdoor race track', and 'Outdoor Circuit', confirming it is an outdoor facility. Reviews mentioning 'in the rain' and 'wet weather' corroborate this. There is no mention of multiple levels, bridges, or significant elevation changes in either the website content or customer reviews to indicate a multi-level track."
558,Görlitz Ring,900.0,False,True,"The 'Unsere Kartbahn' subpage states the track is 'ca. 900 m lang'. The description of the track layout and pit facilities implies it is an outdoor track, which is explicitly confirmed by a customer review mentioning 'great outdoor go-kart track'. There is no mention of it being indoor or multilevel in either source."
104,Inkart nv,1000.0,True,True,"The website explicitly states: 'In de zomermaanden is er een extra lang in-en outdoor circuit van 1 kilometer.' It also confirms 'Indoor & outdoor circuit' and 'Ons indoor karting circuit op twee niveau’s' and 'racen over twee verdiepingen', confirming indoor, outdoor, and multilevel aspects."
2110,North Devon Karting Centre,400.0,True,False,The website explicitly states: 'The 400m circuit...' It also repeatedly refers to itself as an 'indoor karting circuit' and mentions 'a flyover bridge'. Customer reviews corroborate the 'indoor' nature by comparing it to other 'indoor karting tracks' and mention 'a bridge'.
122,Racelandkart,,True,False,"The website explicitly mentions 'INDOORENTERTAINMENT' and that all activities, including karting, are 'onder één dak' (under one roof), confirming it's an indoor facility with no indication of an outdoor track. No information regarding the specific track length or whether it's multi-level was found in either the website content or customer reviews."
34,All In Echt,,True,False,"Track length is not mentioned on the website or in the customer reviews. The website strongly implies an indoor track with phrases like 'ALLES ONDER 1 DAK' and listing the kartbaan with other clearly indoor activities (lasergame, bowling, Prison Island). While the facility offers 'OUTDOOR & INDOOR ACTIVITEITEN' generally, there is no specific mention of an outdoor kart track. A review mentions a 'very challenging track,' which could hint at multi-level but is not explicit enough to confirm."
576,Automodellsport-Club Langenfeld e.V.,,True,True,"{'length_meters': 'No specific track length is provided in either the website content or the customer reviews.', 'is_indoor': ""The website explicitly states that the 'Five Days' series takes place 'in der Sporthalle des Konrad Adenauer Gymnasiums' (in the sports hall)."", 'is_outdoor': ""The website mentions the 'Race of Legends' takes place 'auf der Speed Ranch des AMC Langenfeld' and is 'heading outdoors again!'. Customer reviews also describe 'a great buggy track with artificial turf' and mention 'hills', typical for an outdoor RC track."", 'is_multilevel': ""Customer reviews mention 'my hills are oversized', which indicates significant elevation changes and varied terrain on the outdoor track, suggesting it is not a flat track and features multiple levels of elevation.""}"
276,Sommerrodelbahn Eckartsberga,850.0,False,True,"The website's 'TECHNISCHE DATEN' section explicitly states 'Bahnlänge ca. 850 m'. The name 'Sommerrodelbahn' (summer toboggan run) along with descriptions like 'unseren Hang hinunter', 'den Wind um die Ohren wehen', and 'Bei Nässe ist die Bahn geschlossen' confirm it's an outdoor track. The mention of '12 Steilkurven, einem Jump und einem 280°-Kurvenkreisel' along with a 'Höhenunterschied ca. 45 m' strongly indicates a multi-level design, particularly the spiral nature implied by the '280°-Kurvenkreisel'."
1615,TeamSport Karting Crawley,750.0,True,False,"The website explicitly states '750M TRACK' and 'MULTI-LEVEL', 'three floors'. It also refers to the facility as 'TEAMSPORT CRAWLEY INDOOR GO KARTING TRACK'. Customer reviews corroborate the '3 floors' aspect. There is no mention of an outdoor track."
255,Karthalle Coswig,,True,False,"The website explicitly states 'anspruchsvolle Indoor-Bahn' (demanding indoor track) and 'In unserer Halle' (in our hall), confirming it's an indoor facility with no mention of an outdoor track. No track length is provided. Reviews mention an 'uneven surface' and 'not just a smooth, flat surface', but this is not sufficient to confirm a multi-level design with distinct elevation changes like ramps or bridges; it could refer to surface irregularities."
111,Goodwill Karting,,True,True,Reviews explicitly state 'the track runs both indoors and outdoors'. No information regarding track length or multi-level features is provided in either the website content or the reviews.
125,Action kart,,,,"No data available (scrape failed, no reviews)"
404,Kartbahn Jena,,True,True,"The website states 'Outdoor Strecke' (Outdoor Track). However, one customer review explicitly states 'the track is of very high quality, with both indoor and outdoor sections.' Given this explicit mention of both, both flags are set to true, with medium confidence due to the slight discrepancy with the website's primary description. No information regarding track length or multi-level design was found."
296,Go-Karting,1600.0,True,False,"The website states: 'Tauche ein in das ultimative Rennvergnügen auf unseren vier beeindruckenden Rennstrecken, die sich über verschiedene Ebenen und eine Gesamtlänge von bis zu 1,6 km erstrecken.' This indicates a total track length of up to 1600 meters across multiple tracks. It explicitly mentions 'größte Indoor-E-Karting-Center der Welt' and 'über verschiedene Ebenen', confirming it's indoor and multilevel. No mention of outdoor tracks."
137,Worldkarts Poperinge,,False,False,"No explicit information regarding track length, indoor/outdoor status, or multi-level layout for Worldkarts Poperinge was found in the provided website content or customer reviews."
522,Kartstrecke,,True,False,"The website explicitly calls it 'POWERHALL – INDOOR KARTBAHN' and describes it as a 'Halle' (hall), indicating it's indoor. Reviews also refer to it as 'powerhall kart track' and mention getting through 'the winter'. No track length is provided on the website or in the reviews. The multilevel aspect is confirmed by a review stating 'especially the bridge crossing'."
1715,Formula-K,,,,"The provided WEBSITE CONTENT and CUSTOMER REVIEWS describe the facility 'TeamSport Crawley'. There is no mention of 'Formula-K' in the provided text. Therefore, no track data for 'Formula-K' can be extracted from these sources."
431,Biathlonanlage im Grumbach,,,,"No data available (scrape failed, no reviews)"
138,Skelters,,False,False,"The provided website content and customer reviews are for 'Van Ee Buitenspeelgoed', a retailer that sells outdoor play equipment, including go-karts ('Skelters') as a product. The content does not describe a karting facility with a track for racing. Therefore, no track-specific data can be extracted."
1783,Campbell Circuit,,,,"No data available (scrape failed, no reviews)"
1587,Matchams Karting,580.0,False,True,"The website explicitly states '580 Metre Outdoor Track' and 'Length: 580m'. Reviews confirm it is an 'outdoor karting' facility and mention racing in 'torrential rain', supporting the outdoor classification. There is no mention of an indoor or multi-level track in either source."
2067,TeamSport Brighton,450.0,True,False,The website explicitly states 'FEEL THE THRILLS ON A 450M MULTI-LEVEL TRACK' and 'incredible multilevel indoor track'. It also mentions features like a 'banked flyover' and 'Monaco-style tunnel' which confirm its multi-level nature. Reviews also refer to it as an 'indoor karting' facility.
1643,Clay Pigeon Raceway,,False,True,"The website provides a physical address ('WARDON HILL, DORCHESTER, DORSET'), strongly suggesting an outdoor location. Customer reviews mention 'shelter from the rain' and 'good viewing', which are characteristics of an outdoor track. There is no information in either source to suggest the track is indoor or multi-level, nor is the track length specified."
129,Fastline,,False,False,"The provided website content and customer reviews are exclusively for 'Fastlane Software Solutions', which is a software development company, not a karting facility. Therefore, no information regarding a karting track's length, indoor/outdoor status, or multi-level features could be extracted from the provided sources."
2198,Lydd Kart Circuit,1040.0,False,True,"The website explicitly states ""The 1040 meter track"" multiple times. It also states Lydd Kart Circuit is ""the fastest for outdoor Go Karting in Kent"". There is no information in either source to suggest the track is indoor or multilevel."
294,Powerhall,,True,False,"The website explicitly identifies as 'POWERHALL – INDOOR KARTBAHN' and mentions 'unsere Halle', confirming it's an indoor track. No information about an outdoor track is provided. A customer review explicitly mentions 'especially the bridge crossing', indicating a multilevel track design. The track length is not specified in either the website content or the customer reviews."
158,BattleKart,,True,False,"Track length in meters is not mentioned in either source. The website explicitly states the track is 'installée dans le SHED 3' and describes a 'complexe' with a 'bar lounge' offering a 'vue panoramique sur la piste', strongly indicating an indoor facility. No outdoor track is mentioned. Both the website ('projetés au sol') and customer reviews ('projectors that create different games right on the floor') describe virtual elements projected onto the ground, implying a flat, single-level track with no mention of multiple levels or elevation changes."
1696,Mansell Raceway,750.0,False,True,"The website explicitly states, 'Our outdoor track is 750m long,' and consistently refers to 'OUTDOOR KARTING.' Reviews mention 'first time driving in the wet,' further confirming it's an outdoor track. There is no mention of indoor karting or any multilevel features in either source; descriptions of 'visibility across the whole circuit' in reviews suggest a single-level layout."
113,Brussels Kart,,True,True,"The website explicitly states 'Indoor & Outdoor karting'. Customer reviews corroborate this, mentioning 'inside and outside race' and that 'in winter they do only indoor but in summer they extend the track to outside'. No information regarding track length or if it is a multilevel track was found in either source."
421,Michael Schumacher Kart-Center,728.0,True,True,"The website explicitly states '728 m lange Indoor-Kartstrecke' and '710 m lange Outdoor­kartbahn'. Both are confirmed as existing by reviews ('the tracks are great, indoor and outdoor'). The indoor track length of 728m is chosen as the primary adult track. There is no information in either source to suggest the track is multilevel."
368,ADAC Übungsplatz + Kartbahn,,False,False,"The provided website content and customer reviews describe a general ADAC branch office in Kassel, offering services like membership, insurance, travel advice, and driving safety trainings. There is no mention of a karting facility, track length, or any characteristics related to a kart track (indoor/outdoor/multilevel) in either source."
578,Saxoniaring Kartclub Freiberg e.V.,720.0,False,True,The website explicitly states: '720 Meter lang ist die Herausforderung des Saxoniarings'. The 'Winterpause!' mentioned on the website strongly indicates an outdoor track and no mention of an indoor facility. Neither the website nor reviews mention any multi-level features.
103,First Kart'Inn,700.0,True,True,The website explicitly states 'Op de 700 meter lange in- en outdoorpiste' and details a '450 meter lange indoorpiste' and an 'outdoorgedeelte'. Reviews also mention 'asphalted outdoors' and 'inside'. No information suggests a multi-level track.
1111,KLL Loisirs,1000.0,False,True,"The website explicitly states the track length as '1000 m X 7 m' and '1000 MÈTRES X 7 MÈTRES'. It describes the facility as a 'circuit historiquement connu pour la compétition', which, combined with its length, strongly implies an outdoor track. Neither the website nor the reviews mention any indoor facilities or multi-level track features."
754,Piste de Karting de Nakutakoin,900.0,False,True,"A customer review explicitly states 'a track nearly 900m long'. No explicit mention of indoor, but a review mentioning the track being 'fun in the dry and even more fun when it rained' strongly indicates an outdoor track. There is no information in the reviews or website content to suggest it is a multilevel track."
573,Mini-Karts,,,,"The provided 'WEBSITE CONTENT' is for 'KMC Kassel', a general motorsports club, and does not contain any specific information about a karting facility named 'Mini-Karts' or any track details (length, indoor/outdoor, multilevel features). No 'CUSTOMER REVIEWS' were provided."
734,Mini Karting Piste du Bois,300.0,False,True,"The website explicitly states the track 'mesure un peux moins de 300m' and in its history section mentions it was 'agrandîe... à presque 300m'. Its location 'au Parc de la tête d'or' and the condition that 'ouvertures sont conditionnées à la météo (pluie, neige, canicule...)' clearly indicate it is an outdoor track. There is no mention of it being indoor or multilevel."
968,OnlyKart,,True,True,"The website explicitly mentions both 'KARTING INDOOR ET OUTDOOR'. The indoor track description includes 'tunnel, montée et descente', indicating multiple levels. The outdoor track is explicitly stated to be 'sur deux niveaux' and a customer review mentions 'Deux ponts, une spirale en descente'. No specific track length in meters was found in either the website content or the reviews."
1064,Karting de Rumilly,1150.0,False,True,"The website explicitly details two circuits: a 550m 'Petit Circuit' and a 1150m 'Grand Circuit'. The 'Grand Circuit' is designated for 'plus de 15 ans' (over 15 years old), making it the main adult track. Customer reviews also mention a track 'over 1 km long', confirming the larger track length. The website states it is an 'piste de karting en plein air' (outdoor karting track). There is no mention of indoor or multi-level tracks in either source."
1573,KartParc,,False,True,"Customer reviews explicitly state 'beautiful outdoor track'. The website mentions operation 'Sous le soleil, la pluie ou la neige' (under the sun, rain or snow), strongly confirming it is an outdoor facility. No information was found regarding track length or multiple levels."
2392,Limousin Mini Racing Car,,False,True,"Track length is not mentioned in either the website content or customer reviews. No information explicitly indicates an indoor track. The phrase 'Les pistes sont ouvertes' (The tracks are open) strongly suggests an outdoor facility, often used in the context of weather-dependent operations for RC car clubs. There is no mention of a multilevel track in either source."
1193,Circuit Sarron,1057.0,False,True,"The website explicitly states the track is '1057m de long'. The website also mentions schedules vary based on 'météo' (weather), and reviews refer to driving 'despite the rain', 'in dry conditions', and in 'extremely hot' weather, all indicating an outdoor track. There is no mention of an indoor or multilevel section in either source."
910,Karting du Mont-Blanc,,False,True,"Track length is not mentioned in either source. The website indicates the circuit is open 'Si la météo le permet' (If the weather permits), and reviews mention 'beautiful views of mont blanc', being 'in the middle of the mountains', and experiences 'in the rain', all strongly suggesting an outdoor track and no indoor facility. There is no information in either source to suggest the track is multilevel; terms like 'interesting layout' and 'technical' are too vague to confirm."
696,Passion Karting 17,,False,True,"The website explicitly states 'Découvrez notre circuit outdoor', confirming it is an outdoor track and makes no mention of an indoor or multilevel track. No information regarding the track length was found in either the website content or the customer reviews."
1578,Karting du Bugey,1700.0,False,True,"The website explicitly states 'LA PLUS GRANDE PISTE DE FRANCE 1700M' (The longest track in France 1700m). Customer reviews corroborate this, mentioning 'the longest go-kart track in france'. The track description, emphasizing 'belles lignes droites' and 'variété de virages techniques', along with a review mentioning 'freshness', strongly indicates an outdoor track. There is no information suggesting an indoor or multilevel track."
1572,Kart pour enfants,,True,True,"The website explicitly mentions 'KARTING INDOOR ET OUTDOOR'. The indoor track is described as 'la plus longue piste de kart indoor (...) avec tunnel, montée et descente'. The outdoor track is described as 'sur deux niveaux' and a review mentions 'Deux ponts, une spirale en descente de fou'. No specific track length in meters is provided for any track."
929,Karting de Pont d'Ain,,False,True,"The website explicitly states 'Circuit de karting outdoor' and mentions 'circuit outdoor technique et rapide' and 'sessions de karting outdoor'. No track length is provided, and there is no indication of multiple levels. The confidence for 'length_meters' and 'is_multilevel' being null/false is based on the complete absence of information despite thorough review of the provided content."
829,MK Karting,1014.0,False,True,"The website explicitly states the track length is '1014m de long'. Customer reviews explicitly refer to it as 'this outdoor karting track', which is consistent with the website's description of 'Le circuit est éclairé' (the circuit is lit) for evening sessions. There is no information in either source to suggest the track is multi-level."
2394,Courts Simonne Mathieu,,False,False,The provided 'WEBSITE CONTENT' and 'CUSTOMER REVIEWS' are exclusively about the Roland Garros tennis tournament and the 'Courts Simonne Mathieu' tennis court. There is no information pertaining to a karting facility or track available in the given data.
803,Route du Karting,1100.0,False,True,"The website explicitly states 'un circuit de 1100m valloné' (a 1100m hilly/undulating track). It also categorizes activities as 'Nos activités outdoor à Marcillat-en-Combraille', confirming it's an outdoor track with no mention of an indoor facility. While 'valloné' indicates elevation changes, it does not explicitly confirm a constructed multi-level design (e.g., bridges or tunnels where the track crosses over itself) commonly associated with 'multi-level' karting tracks."
804,Piste de Karting de Marcillat,1100.0,False,True,"The Website explicitly states the track is 'un circuit de 1100m valloné'. It highlights 'Nos activités outdoor' and 'Un BOL D'AIR FRAIS ET D'AVENTURES' in 'Auvergne', supported by reviews mentioning 'beautiful scenery', indicating it is an outdoor track. The term 'valloné' means hilly/undulating, implying elevation changes, but not explicitly a distinct multi-level structure (e.g., bridges over track, multiple floors). Confidence for length, indoor/outdoor is high. Confidence for multilevel is medium due to interpretation of 'valloné'."
1146,Tripper,,,,"No data available (scrape failed, no reviews)"
899,Speed Fun Karting,850.0,False,True,"The website explicitly states 'circuit de 850m sur une largeur de 9m vallonné et éclairé'. The description 'vallonné' (hilly/undulating) and 'éclairé' (lit) confirms it is an outdoor track. While 'vallonné' implies elevation changes, it does not clearly indicate a distinct multi-level structure (like bridges or separate floors) typically associated with 'multilevel' karting tracks. No mention of indoor facilities for the track."
774,Circuit Jean Brun,1475.0,False,True,"The website explicitly states the track length as '1475M LONGUEUR DE PISTE'. The circuit is clearly outdoor, as indicated by the website listing major karting competitions and championships ('CHAMPIONNAT LIGUE AUVERGNE', 'CHAMPIONNAT DE FRANCE KZ2', 'ROTAX MAX CHALLENGE FRANCE'), and reviews mentioning 'view from the stands' and 'water and electricity in the paddocks'. There is no information in either source to suggest an indoor or multilevel track."
743,RMT Karting,510.0,True,False,"The website explicitly states 'Plus de 500 mètres de piste homologuée' and then specifies '510 mètres'. It also clearly mentions 'La plus grande piste indoor de karts électriques en France' and describes it as being 'Dans un bâtiment', confirming it's indoor with no mention of an outdoor track. There is no information in either source to suggest the track is multi-level."
737,Kartingliss,,,,"No data available (scrape failed, no reviews)"
1250,Karting 79,,False,True,"Track length and multilevel status are not mentioned in the provided reviews or the (blank) website content. The phrase 'no rain gear offered' in the reviews strongly suggests the track is outdoor, implying it is not indoor. There is no information to suggest it is multilevel."
1094,Chemin du Karting,,False,False,"The provided 'WEBSITE CONTENT' was empty, and the 'REVIEWS' contained no information about the karting track's specifications (length, indoor/outdoor, multilevel features). The reviews mentioned 'rocks' and a 'beautiful site', suggesting they might be unrelated to a karting facility, despite the name 'Chemin du Karting'."
831,JCS Karting,,False,True,"No information regarding track length or whether the track is multi-level was found in either the website content or customer reviews. The website refers to the facility as 'Le Parc' (The Park) and lists other activities (Paintball, Mini-Golf) that are typically outdoor, which strongly suggests the karting track is also outdoor. There is no explicit mention of an indoor track, leading to the inference that it is outdoor."
672,Fast & Green,,True,False,"The website explicitly states '1er Karting Indoor électrique' and 'Un circuit de kart intérieur' multiple times, confirming it is an indoor facility. There is no mention of an outdoor track, nor any information about the track length in meters or multi-level features."
1129,Karting du Laquais,900.0,False,True,"The website explicitly states 'Piste outdoor de 900m' multiple times. There is no mention of an indoor or multilevel track. Customer reviews mention 'heavy rain' and a 'gently undulating circuit', which confirms it is an outdoor track and implies natural elevation changes rather than a constructed multi-level design."
1529,Circuit de karting Kart Extrem,1150.0,False,True,"The website explicitly states the track length twice: 'Nous avons une piste de développement de 1150m x 7,5m' and 'sur un tracé de 1150 m'. It repeatedly confirms it is an 'extérieur' (outdoor) circuit and mentions 'Piste de karting extérieure'. There is no mention of an indoor or multilevel track in either source."
1177,Circuit Léopard,670.0,False,True,The website explicitly states 'piste de karting de 670 m de longueur' and 'Votre circuit outdoor'. Reviews also support the outdoor nature with mention of an 'aménagement extérieur avec le rooftop'. There is no mention of an indoor or multi-level track.
1339,Buggy Quad Enfants,,False,True,"The website and customer reviews consistently describe the service as 'randonnées en quad' (quad excursions/tours) and 'excursions libres en quad' (free quad excursions) through the region, following itineraries, rather than a fixed, measurable karting track. There is no mention of a specific track length, indoor facilities, or multilevel features for a dedicated circuit. The activity is clearly outdoor as it involves discovering 'sublime places' and 'the region'."
893,Circuit du Périgord,1100.0,False,True,The 'ACCUEIL' and 'LA PISTE' sections of the website both explicitly state the main track length as '1100 mètres' and describe it as a 'piste extérieure' (outdoor track). There is no mention of an indoor or multilevel track for adults.
875,Circuit du Bicêtre,,,,"No data available (scrape failed, no reviews)"
1462,Karting du Grand Arc,,False,True,"The website content was not provided. Based on customer reviews, phrases like 'would do it again when the weather is nice' and 'reservations required pants required in 30-degree weather' strongly imply the track is outdoor. There is no information provided about the track length or if it is multi-level."
717,Kart Origins,500.0,False,True,"The website explicitly states: 'Venez dès à présent découvrir notre nouvelle piste de 500m !' and refers to it as an 'outdoor' track. Reviews mention 'wetsuits provided in case of bad weather', confirming the outdoor nature. There is no mention of an indoor or multilevel track in either source."
900,Kart Quad Sensations,,False,True,"The website states the track is 'ouvert 7 jours sur 7 pendant les vacances scolaires, même par temps de pluie' (open 7 days a week during school holidays, even by rainy weather), which strongly indicates it is an outdoor track. There is no mention of an indoor track, track length, or multilevel features in either the website content or the reviews."
942,Piste entreprise,,False,False,"The provided 'WEBSITE CONTENT' describes an app called 'On Piste' for outdoor sports like trail running, cycling, and skiing, and does not mention a karting facility named 'Piste entreprise'. The 'CUSTOMER REVIEWS' section is empty. Therefore, no track-specific data for 'Piste entreprise' could be extracted from the given sources."
943,Piste compétition,1250.0,False,True,"The 'Accès Piste Karting Compétition' subpage explicitly states 'Découvrez les 1250m de notre piste compétition'. The track is outdoor, indicated by 'activités variées et en plein air' on the main page, and specific rules on the competition track page such as 'Respecter la norme sonore de 95DB en dynamique' and 'Coupure moteur obligatoire pour TOUS de 12h30 à 14h', which are typical for outdoor circuits. There is no information suggesting the track is multi-level."
931,Kart-Circuit des Renardières,1200.0,False,True,"Length of 1.2 km is explicitly stated in one review for the 'long, technical circuit'. Outdoor is inferred from reviews mentioning the track being 'in the middle of nature' and people racing 'in the rain showers'. There is no mention of an indoor track. Multilevel status is set to false due to the complete absence of any mention of bridges, tunnels, or multiple levels in the reviews. The overall confidence is 'Medium' because all data relies solely on customer reviews, as no website content was provided."
658,Karting de Saintes,,False,True,"No explicit track length in meters was found in either the website content or customer reviews. The website mentions 'bitume' (asphalt), weather checking ('en cas de mauvais temps pensez à vérifier'), and track heat absorption, which are all strong indicators of an outdoor track. A review also mentions 'it was raining', further supporting an outdoor setting. There is no information in either source to suggest the track is indoor or multilevel."
681,Al. Karting,,False,True,"The website's 'LA PISTE' subpage states 'Les spécificités de notre piste de karting À venir…', indicating track length is not yet provided. Reviews also do not mention a specific length. Reviews explicitly describe the track as 'a very nice outdoor go-kart track' and contrast it with 'indoor go-kart tracks'. Neither the website nor the reviews mention any multi-level features for the track."
749,K1 Speed Lyon,,True,False,"The website explicitly states for Lyon: 'À Lyon, profitez d’un circuit indoor en plein cœur de la métropole.' and generally refers to 'Le karting électrique indoor'. There is no mention of track length for Lyon, nor any indication of an outdoor track or a multilevel track for this specific location (the 'relief' mention is specifically for Le Mans)."
1006,Centre de Karting,,True,True,"The website explicitly mentions both 'KARTING INDOOR' and 'Karting électrique indoor', and 'KARTING OUTDOOR' and 'Karting bio-éthanol outdoor'. For multi-level, the website states 'piste de kart indoor avec tunnel, montée et descente' and 'piste de kart outdoor... sur deux niveaux', which is corroborated by reviews mentioning 'Deux ponts, une spirale en descente de fou' for the outdoor track. Track length in meters is not specified in either source."
1007,Piste de Karting Extérieur,,False,True,"{'length_meters': ""No specific track length in meters is mentioned in either the website content or the customer reviews. Reviews mention 'biggest' but provide no numerical value."", 'is_indoor': ""There is no mention of any indoor track. The facility is referred to as 'Piste de Karting Extérieur' in the prompt, and the website describes the track as being 'Enchâssé au cœur d'un vallon verdoyant' (set in the heart of a green valley), strongly indicating an outdoor-only facility."", 'is_outdoor': ""The facility is explicitly named 'Piste de Karting Extérieur' in the prompt. The website further describes the track as being 'Enchâssé au cœur d'un vallon verdoyant' (set in the heart of a green valley) and 'vallonnée' (hilly/undulating), unequivocally confirming an outdoor setting."", 'is_multilevel': ""The website describes the main track as 'vallonnée' (hilly/undulating), meaning it has natural elevation changes. However, this term does not explicitly imply an engineered 'multi-level' track with distinct stacked floors or bridges, which is the common interpretation of 'multi-level' in karting tracks.""}"
1352,BattleKart,,True,False,"The website describes a unique experience with 'décors et bonus virtuels projetés au sol' (virtual decor and bonuses projected on the ground) and an 'écran interactif sur la piste' (interactive screen on the track), which necessitates a controlled, indoor environment for projections. There is no mention of track length in meters. Reviews mention 'les risques de buter sur un obstacle (à part un autre kart) est réduite à néant puisque... il n'y en a pas!', indicating a flat track without physical obstacles or elevation changes, hence not multi-level."
936,Martini Racing Kart 85,,False,True,"No explicit track length in meters was found in either the website content or the customer reviews. Neither source mentions an indoor track or a multilevel track. However, both the website (referring to 'piste' and 'day out on the track') and the customer reviews ('great track', 'historic track') strongly imply an outdoor karting facility."
1205,Karting des Poudrières,,False,True,"Track length is not specified in either source. The website content describes the track as 'Enchâssé au cœur d'un vallon verdoyant' (nestled in the heart of a green valley) and 'vallonnée' (hilly/undulating), strongly indicating it is an outdoor track. While 'vallonnée' suggests elevation changes, there is no mention of constructed multi-level sections (e.g., bridges over other parts of the track)."
1214,Circuit de l'Enclos,1200.0,False,True,"The website explicitly states the facility has 'deux pistes de karting de 600 et 1200 m', further clarifying '2 pistes : location 600 m et compétition 1200 m'. The 1200m track is designated for 'Karting Compétition' and high-performance rentals, making it the main adult track. The use of 'Circuit', mention of 'Webcam / météo', and seasonal operating hours ('été 9h-19h / hiver 10h-17h') strongly indicate an outdoor facility. There is no mention of multiple levels in either source."
709,Circuit de l'Indre,1000.0,False,True,The website explicitly states: 'Piste homologuée : Longueur 1000 m'. The description of 'lignes droites palpitantes' (thrilling straight lines) and 'cadre dynamique' (dynamic setting) strongly implies an outdoor track. There is no mention of an indoor track or any multi-level features.
890,Circuit du Val d'Argenton,1280.0,False,True,"The website explicitly states 'sur une piste longue de 1280m'. The track is described as 'circuit international karting', 'homologué FFSA', 'FFM', and 'CIK FIA', and lists outdoor events like Supermotard and Drift, strongly indicating an outdoor track. There is no mention of indoor or multilevel features in either source."
643,INDYKART,250.0,True,False,The website explicitly states 'INDYPARK vous invite à vivre des sensations fortes sur sa piste de karting couverte de 250 mètres' and also mentions 'piste indoor technique et dynamique'. There is no mention of an outdoor track or any features suggesting a multilevel design.
962,Circuit national de la Boule d'Or,,,,"The provided 'WEBSITE CONTENT' and 'CUSTOMER REVIEWS' describe a hiking trail called 'Circuit des Borderies à Louzac-Saint-André' (14.69 km). There is no mention of a karting facility named 'Circuit national de la Boule d'Or', nor any details related to a karting track's length, indoor/outdoor status, or multi-level design. Therefore, no relevant data could be extracted for a karting facility."
747,Jovikart Karting Nantes 44,900.0,False,True,The website explicitly states multiple times: 'notre circuit extérieur de 900 mètres' and 'Un tracé de 900 mètres : destiné aux pilotes à partir de 7 ans'. It consistently refers to itself as an 'outdoor' circuit with no mention of indoor or multilevel features.
757,Décibel Kart Cross Bisontin,1200.0,False,True,"The Website content repeatedly states the main track length is '1200 mètres' (e.g., 'tracé de 1200 mètres', 'CIRCUIT... EXTERIEUR de 1200 m'). It explicitly mentions 'piste outdoor' and 'CIRCUIT... EXTERIEUR' multiple times, and reviews also confirm it is 'outdoors'. There is no mention of an indoor track. The track is described as having 'vallonnements', which indicates changes in elevation or hilly sections, making it multi-level."
1195,Formule Kart,,False,True,"No track length information was provided. The 'TERRASSE' section on the website mentions admiring 'le circuit' and relaxing 'en profitant du soleil!' (enjoying the sun), which strongly indicates an outdoor track. There is no mention of an indoor or multilevel track."
2387,Gymnase La Similienne,,False,False,"The provided website content and customer reviews do not mention any karting facility, track, or related activities. The content describes 'Gymnase La Similienne' as an association offering gym, yoga, and theatre classes/events. Therefore, no precision data about a karting track could be extracted from either source."
2379,Racing Club - Escrime,,,,"The provided website content is entirely dedicated to a fencing club ('L’ESCRIME', 'tireurs', 'fleurettistes', 'BRC escrime' at '3 rue Auguste Delaune, 25000 Besançon') and contains no information about a karting track or any related facilities. No customer reviews were provided."
665,Kartmania,,,,"No data available (scrape failed, no reviews)"
725,Crcuit de Karting,,,,"No data available (scrape failed, no reviews)"
1274,Cosne Karting,900.0,False,True,"The website explicitly states '900 m de piste' and 'Circuit 900 mètres' multiple times for the karting track. Reviews confirm it is an outdoor track, mentioning 'karting on outdoor tracks' and 'pleasant outdoors'. There is no information suggesting an indoor or multi-level track."
881,Sologne Karting,1500.0,False,True,"The website explicitly states 'Un circuit homologué de 1500 mètres'. Reviews mention 'wet tracks' and an 'excellent (long) track', confirming it is outdoor and supports the length. There is no mention of an indoor or multi-level track in either source."
838,Karting Dijon-Prenois,,False,True,"The website provides the length for the main car/moto circuit (3801m) but does not specify the length for the separate karting track. No length information for the karting track was found in customer reviews. The website describes the overall 'Circuit Dijon-Prenois' facility, which includes the karting track, as being 'Au cœur de la Bourgogne-Franche-Comté' and 'dans un écrin de verdure' (in a green setting), strongly implying an outdoor track. There is no mention of an indoor or multi-level karting track in either the website content or customer reviews."
1210,Karting Tours,,False,True,"Track length is not specified in either the website content or reviews. Based on the website's mention of activities such as 'Formation Pilotage', 'Ecole de Karting', 'Sodi World Series' races (Junior Cup, Ado Cup, Ironkart, Sprint), and a 'DETECTION PILOTE DU KART A LA F1' event, the track is inferred to be outdoor, as these types of events are almost exclusively held on outdoor circuits. There is no information or mention in either source to suggest it is an indoor or multilevel track."
1059,Piste de kart abandonnée,850.0,True,True,"The website explicitly mentions the outdoor track as '750 mètres de long environ', then '850 mètres environ' in the context of the SMS-TIMING system, and also 'Circuit de 800 mètres' in a privatization offer. We selected 850m as it's tied to the timing system, implying the measured length for racers. The website's main navigation clearly lists 'KARTING INDOOR' and 'KARTING OUTDOOR', indicating both types are offered by the complex. No information regarding multiple levels was found in either the website content or the customer reviews."
2351,Stade Joseph Simonin,,False,False,"The provided website content is entirely about the French Football Federation (FFF) and its football activities. The customer review for 'Stade Joseph Simonin' mentions 'gravel pitch', 'grass pitches', and 'playing 8-a-side', which are all terms associated with football fields, not karting tracks. Therefore, no information about a karting track could be extracted as the facility does not appear to be a karting venue based on the provided data."
920,Karting Intérieur,,False,True,"The website content explicitly describes an outdoor track, referred to as 'Circuit de la Vallée', set 'au cœur d'un vallon verdoyant' (in the heart of a green valley) and 'vallonnée' (hilly/undulating). There is no mention or description of an indoor track within the provided text, despite the facility being named 'Karting Intérieur' in the prompt's title. No specific track length is provided. The term 'vallonnée' indicates natural elevation changes of the terrain, not an engineered multi-level track structure (e.g., with bridges over other track sections)."
2396,Planète Racing,1700.0,False,True,"The provided content for 'Planète Racing' describes a water sports facility focused on jet skiing, an aquapark, and banana boat rides, not karting. The website explicitly states 'Le jet ski sur un circuit de 1700m!' for the jet ski activity. The facility is described as an 'exceptional 33-hectare site' with a 'freshwater lake' and 'sandy beach', and operates seasonally (April-September), clearly indicating an outdoor venue. Customer reviews consistently refer to jet skis and other water activities. There is no information in the text to suggest the jet ski circuit is multi-level."
1333,Circuit Vendée Kart Center,,False,True,"Track length and multi-level details are not mentioned in the website content or customer reviews. The outdoor nature of the track is strongly inferred from the website's description, placing it 'A deux pas des plages et de l’océan,' with no indication of an indoor facility."
783,MASCOT Circuit Zandvoort,4300.0,False,True,"The website explicitly states: 'Met een circuitlengte van 4,3 kilometer is het een van de kortere circuits op de F1-kalender.' (With a circuit length of 4.3 kilometers...). The track is described as 'gevormd door de natuurlijke duinen' (formed by the natural dunes) and 'Old School'-circuit, hosting F1, confirming it is outdoor. There is no mention of a physical indoor karting track; 'Racesquare' is identified as a sim race center. While the track has 'snelle, glooiende en uitdagende bochten' (fast, rolling and challenging corners) due to the dunes, there is no description of distinct track sections built above or below each other to qualify as 'multilevel'."
972,Terrain de Kart Cross,,False,True,"Track length and multilevel information are not available in either source. The website mentions 'Karting Cross', 'Circuit Automobile Terre d’Is-sur-Tille' (terre means dirt/earth), and 'Chpt de France Autocross & Sprint-car'. Customer reviews confirm 'french autocross championship'. Autocross is an outdoor motorsport typically held on dirt tracks, strongly indicating an outdoor facility."
870,Atlantic Kart System A.K.S,,False,True,"The website describes the track as 'la plus grande piste du littoral Vendéen' (the largest track on the Vendée coast), strongly implying an outdoor location. Reviews consistently refer to a 'beautiful circuit' and being 'really big', which aligns with an outdoor track. No specific length in meters or mention of multiple levels or indoor facilities is provided in either source."
987,Alcava Karting Gueugnonnais,810.0,False,True,"The website explicitly states 'Nieuw in 2025: een nieuw circuit van 810 m lang x 8 m breed'. Reviews corroborate this by frequently mentioning 'the new track', 'brand new track', and 'even bigger with brand new asphalt'. The website mentions a 'Terras van 80 m² met panoramisch uitzicht' and reviews refer to 'warmer weather' and 'afternoon' experiences, strongly indicating an outdoor track. No information was found regarding a multi-level design."
990,Karting Mécamax,,False,True,"Track length is not explicitly mentioned. The website states the facility is 'Situé sur la commune de l’Ile d’Olonne au cœur du parc éolien' (located in the heart of a wind farm), which strongly implies an outdoor track. There is no mention or any indication of an indoor or multi-level track in either the website content or the customer reviews."
1178,Circuit automobile Maurice Tissandier,2325.0,False,True,"The 'LE CIRCUIT' subpage states that the circuit was enlarged in 1978 to '2km325 désormais' (2.325km now). The website describes the facility as a historic outdoor automobile circuit, hosting Formule 3 races, with no mention of indoor facilities or a multilevel layout. The review's 'small track' comment is consistent with 2.325km for an automobile circuit."
832,Kart Center,1150.0,False,True,"The website explicitly states the track length: 'Nous avons une piste de développement de 1150m x 7,5m' and 'un tracé de 1150 m'. It also repeatedly mentions 'Karting extérieur', 'circuit extérieur', and 'Piste de karting extérieure', indicating it's an outdoor track. There is no information suggesting an indoor or multi-level track."
1189,Karting Arthonnais,,False,False,"The provided WEBSITE CONTENT is primarily about Facebook page functionality, event announcements (a provisional closure), and cookie policies, containing no information about the track's length, indoor/outdoor nature, or multilevel features. The CUSTOMER REVIEWS discuss poor customer service and kart quality but also do not provide any details about the track itself."
781,West Aventure,,False,True,"The website describes the facility as a 'site naturel' operating 'D’Avril à Septembre' (April to September), and mentions a 'Terrasse panoramique' with 'vue directe sur la piste', all strongly indicating an outdoor, seasonal track. Neither the website nor the reviews provide a specific track length in meters, though reviews qualitatively describe it as 'relatively small'. There is no mention of multi-level features."
1280,Quad'Loc,,False,True,"The website describes 'circuits de sable et de terre' (sand and dirt tracks) for quad rental, which clearly indicates an outdoor facility and not an indoor or multi-level track. No specific track length is mentioned in either source."
739,Piste de Karting Phillipe Alliot,,False,True,"The website consistently refers to a 'circuit' and 'piste', typically used for outdoor tracks. The description 'circuit technique et rapide' and the listed activities (free practice, timed trials, braking, trajectories) are common for outdoor karting. There is no mention of an indoor facility, a specific track length, or any multilevel features (bridges, tunnels). The reviews section was empty."
1351,Kart One,,,,"No numerical track length is provided in the reviews; some reviews describe the track as 'tiny' while others call it 'very good' or 'beautiful,' indicating conflicting perceptions of size but no concrete measurement. There is no explicit mention of the track being indoor or outdoor. One review states 'closed the shutters,' which is ambiguous and could refer to the facility's building entrance rather than the track's location itself. There is no information provided regarding multiple levels, so it is assumed to be single-level."
2371,Berry Racing,,True,False,"The website content clearly indicates 'Berry Racing' is a facility offering various 'SIMULATEUR STATIQUE', 'SIMULATEUR DYNAMIQUE', and 'AVEC CASQUE VR' experiences. It lists numerous real-world F1 circuits and various car models to choose from, confirming these are virtual tracks. Customer reviews also explicitly mention 'augmented reality simulator' and 'dynamic simulator' sessions. As it's a simulator center, there is no physical track length. Simulators are housed indoors."
1278,Brenne Découverte,,False,True,"The website content provides no track details. Customer reviews mention 'path rutted' and 'signs lost in the tall grass,' which strongly suggest an outdoor environment. There is no information about track length, indoor status, or multiple levels."
1004,Piste de karting,,True,False,"The website describes a 'piste unique de 1 700 m²' which refers to the track's surface area, not its linear length. No specific track length in meters is provided. The facility is consistently referred to as a 'centre' offering an 'immersive' experience with virtual projections and other indoor amenities like arcade games, padel, and squash, strongly indicating an indoor track. There is no mention of an outdoor or multilevel track in either the website content or customer reviews."
1003,Laville Karting Service,,False,True,"No specific track length information was found in either the website content or the reviews. The website's prominent mention of 'Skycircus' and 'Circuit' strongly implies an outdoor track, and there is no information suggesting an indoor facility. One review stated 'I loved the slopes,' which suggests elevation changes on the track, but this is not a definitive indication of a multi-level track with distinct floors or bridges."
839,Karting Quad de Vendays Montalivet,,False,True,"The website refers to 'Le circuit' and provides an address typical of an outdoor venue. Reviews mention incidents like 'my friend went off the track,' which strongly suggests an outdoor track. No information for length or multilevel features was found. There is no indication of an indoor track."
2345,Simone de Beauvoir,,,,"No data available (scrape failed, no reviews)"
742,Karting de Crolles,600,False,True,"The website explicitly states 'Piste de karting outdoor de 600m' multiple times for the general public track (e.g., on the main page and 'Piste de Karting de Crolles' sections). A '690m' length is also mentioned on the 'Droit de piste' subpage specifically for 'votre propre karting 2 temps' (private competition karts), indicating a specific configuration or measurement for that use. For the main adult leisure track, 600m is the consistently advertised length. There is no mention of an indoor track or a multilevel design."
1335,Sun Karting,600,False,True,"The website content on the main page and the 'le circuit' subpage consistently states 'Une piste d’une longueur de 600m x 6,5m'. It explicitly mentions 'La création d’un pont avec passage « dessous - dessus »' indicating a multilevel design. The presence of 'une terrasse panoramique en surplomb de la piste' and a 'MÉTÉO SÉRIGNAN' link strongly imply an outdoor track."
1019,Grimaud Karting Loisirs,800,False,True,The website explicitly states: 'Une piste de 800 m'. The mention of 'terrasse' and the general description of a karting facility in the Golfe de Saint-Tropez (a coastal region) strongly imply an outdoor track. There is no mention of an indoor or multilevel track in either source.
927,Number One Karting,900,False,True,"The website explicitly states the 'PISTE KARTING ADULTE' is '900m de long'. The facility is repeatedly described as being 'sous le soleil du sud de la France' and 'au bord des plages', with '4 Pistes réparties sur 3 hectares', strongly indicating an outdoor setting. There is no mention of any indoor tracks or multi-level features in the track descriptions."
1032,Circuit de Karting KDM,726,False,True,"The website explicitly lists three circuits. Circuit 1, at 726m, is described as suitable for 'adultes' and 'Location de matériel incluse', making it the primary adult rental track. There is no mention of indoor or multi-level tracks; the facility being open all day, 7 days a week, and hosting auto/moto track days strongly implies an outdoor setting."
728,Circuit de Karting,964.0,False,True,"The website explicitly states 'La piste de 964m de longueur'. The description of 'run-offs asphaltés', 'barrières TECPRO anti-collisions', and being 'éclairée en nocturne' strongly indicates an outdoor track, typical of race circuits. There is no mention or implication of an indoor or multi-level track."
776,Circuit Berderry,,False,True,"The website explicitly states 'terrains en plein air' (open-air terrains) for karting, confirming it's an outdoor track and implying no indoor facility. No track length or multi-level features are mentioned in either the website content or customer reviews."
1023,Karting Martigues,600.0,False,True,"The website's 'La Piste de l'Oratoire' section explicitly states 'ses 600 mètres de tracé exigeant' (its 600 meters of demanding layout). It also describes the track as 'en plein cœur de la pinède provençale' (in the heart of the Provençal pine forest) and 'nichée dans la nature' (nestled in nature), confirming it is an outdoor track. There is no mention of an indoor or multilevel track."
965,Circuit de Karting de Brignoles,,False,True,"No specific track length in meters was found in either the website content or the customer reviews. The track is confirmed outdoor by descriptions in reviews such as 'long straight', 'uphill banked curve', and 'ample parking', and the general context of the website. No information suggests an indoor track. While an 'uphill banked curve' suggests elevation changes, it is not explicit enough to confirm a 'multilevel' track design where one part of the track passes over or under another."
892,Inter Racing Kart,600.0,False,True,"The website explicitly states 'Deux pistes sont à votre disposition: une de 600m pour les plus grands'. The location 'à quelques pas de la base Nature et de la plage' and the review mentioning 'a very beautiful circuit' strongly imply an outdoor, non-multilevel track. There is no mention of indoor or multilevel features in either source."
798,Karting - Circuit de Muret,,False,True,"The website mentions 'complexe de karting et activités en plein air' (karting complex and outdoor activities), indicating it's an outdoor facility. No specific track length or information about multiple levels was provided. The plural 'Nos circuits de karting' likely refers to variations of an outdoor track or a general term for the facility's offerings rather than separate indoor/outdoor facilities, given the explicit 'en plein air' description."
1367,Rallye Kart,,False,True,"The website features a dynamic counter for 'LONGUEUR' (length) but it does not display a specific numerical value. No other text on the website or in the reviews states the track length. The website describes the track as being 'au cœur d'un décor atypique où faune et flore coexistent en harmonie', strongly indicating an outdoor track. Customer reviews corroborate this, mentioning the track 'can get wet via sprinklers'. Neither source provides any information suggesting the track is multi-level."
1043,Circuit Jean Sainrame,1200.0,False,True,The website explicitly states: 'Vous aurez l’occasion de parcourir plus de 1200m de piste en outdoor'. It only mentions an 'outdoor' track and provides no information about an indoor or multilevel track.
1096,Karting Vallée de l'Arc,,False,True,"The website explicitly mentions 'LOCATION DE KARTING OUTDOOR', confirming it is an outdoor track and not an indoor one. No specific track length in meters is provided on the website or in customer reviews. There is also no mention or description in either source that suggests the track is multi-level."
2388,Courts de tennis municipaux Simonne Mathieu,,False,False,"The provided website content and empty customer reviews describe a tennis facility ('Courts de tennis municipaux Simonne Mathieu') with 9 tennis courts. There is no information whatsoever about a karting track, its length, whether it's indoor/outdoor, or multilevel."
1042,Piste de Karting Indoor,,False,False,"Website content was inaccessible (403 Forbidden). Customer reviews provide no information regarding track length, indoor/outdoor status, or multi-level design. The facility name 'Piste de Karting Indoor' was provided as context for the analysis, not as data extracted from the specified sources."
1164,Circuit de karting Loc'karting,700.0,False,True,"The website explicitly states 'Une piste de 700 mètres' and '700 mètres d'asphalte'. A customer review also refers to 'the 700m track'. The mention of 'asphalte' (asphalt) indicates it is an outdoor track. The track description 'deux épingles, sept virages, une ligne droite' does not suggest multiple levels, and no information from either source indicates it is multi-level or indoor."
1046,Karting du Gaillou,,False,True,"The provided website content was empty. Based on customer reviews: 
- **length_meters**: No specific length in meters was mentioned in any review.
- **is_indoor**: No mention of an indoor track. Reviews describe 'landscape around it' and 'grass a meter high' which strongly suggests an outdoor setting.
- **is_outdoor**: Explicitly implied by multiple reviews mentioning 'unspoiled landscape around it' and 'grass a meter high' on the track.
- **is_multilevel**: No information or descriptions (e.g., bridges, tunnels, elevation changes) were found to suggest a multilevel track."
746,Défikart,,,,"The website content was inaccessible (403 Forbidden). Customer reviews contained no specific details about track length, whether it is indoor or outdoor. No mention of a multilevel track was found in reviews, leading to the assumption of a single-level track, but with low confidence due to the overall lack of specific track information."
878,Starter Park Karting,,False,True,"The website explicitly states 'Circuit loisir outdoor', confirming it is an outdoor track and not indoor. There is no mention of track length in meters on the website or in the customer reviews. Reviews mention the track is 'bumpy', but this refers to the surface quality or minor undulations, not a multi-level design with different elevations, bridges, or tunnels. Neither source indicates any multi-level features."
834,Karting Circuit Paul Ricard,964.0,False,True,"The website explicitly states ""La piste de 964m de longueur"". Reviews mention a track of ""approximately 900 meters"", confirming the length. The website also describes outdoor features such as ""éclairée en nocturne"" (floodlit at night), ""Run-offs asphaltés"" (asphalt run-off areas), and F1-grade barriers, all indicative of an outdoor track. Reviews mention a ""panoramic roof"" but this is interpreted as a viewing area rather than a roof covering the entire track, given the strong evidence for an outdoor setting. There is no mention of the track being multilevel."
738,Energy Karting Saint-Cyr,,True,False,"The website explicitly mentions an 'indoor kart track' ('piste de karts indoor') and distinguishes outdoor activities like mini-golf. No specific track length is provided on the website. Reviews describe the track as 'small' and 'a bit small', but this is subjective and not a precise measurement. There is no information in either source to suggest a multi-level track."
857,Win'Kart de Carcassonne,976.0,False,True,"The website explicitly states 'piste extérieure de 976 mètres de longueur' and refers to it multiple times as an 'outdoor kart track'. Customer reviews mention 'gravel if you go off the track' and 'they don’t race in the rain', which are strong indicators of an outdoor facility. There is no mention of an indoor or multilevel track in either source."
1441,Tahiti Karting,,False,True,"No specific track length or multi-level features were mentioned in either source. There is no indication of an indoor facility; rather, the website's description 'piste multisports mécaniques' (multi-sport mechanical track) and a customer review stating 'it's a shame the road to get there is a bit tricky' strongly imply an outdoor track."
1133,Guyane Karting,,False,True,"Website explicitly states 'un circuit de plus de 700 mètres de long'. As no precise integer length is provided, 'null' is returned for the exact length. The address 'PK6 CD 5 route de Montsinéry' and the term 'circuit' strongly suggest an outdoor track. No information in the website content or customer reviews indicates an indoor or multilevel track."
42,GoKart track,,False,False,The provided website content is a personal racing site for Ginelo Kooyman and does not describe a public karting facility or its track characteristics for 'GoKart track'. The customer review is generic ('could not ask for a better experience') and provides no specific details about any track's physical attributes.
1358,Acro'Kart Racing,,False,True,"The website mentions 'sous le soleil martiniquais' (under the Martinican sun). A customer review states that karting was 'impossible in this rain' and they requested a refund, which strongly indicates an outdoor track. There is no information in either source to suggest it is multilevel or to provide a specific track length."
2378,Racing Club de Basse-Terre,,,,"No data available (scrape failed, no reviews)"
2393,Simaho Nautique,,False,False,"The provided 'WEBSITE CONTENT' was empty. The 'CUSTOMER REVIEWS' were entirely about a beach (referencing swimming, picnic areas, pebble beach, and aging beach facilities) and contained no information whatsoever about a karting track or 'Simaho Nautique' as a karting facility."
693,Gwada Karting Club,,False,True,"Track length is not specified in either the website content or the customer reviews. The track is stated to be located at 'Parking D du Vélodrome Amédée Detraux, Baie-Mahault, Guadeloupe', which strongly implies an outdoor setting. There is no mention of the track being indoors or having multiple levels in any provided source."
997,Pro Kart Figari,,False,True,The website explicitly states 'karting extérieur' (outdoor karting). Reviews also support an outdoor setting by mentioning 'mountain views'. No specific track length is provided in either source. There is no indication from either source that the track is multi-level; 'technical' in reviews is too vague to confirm.
2400,Racing Moto Club Corsica,,,,"No data available (scrape failed, no reviews)"
1037,Ludi Kart,600.0,False,True,"The website explicitly states '600m de piste' for the main track. There is no mention of an indoor track; reviews mention 'on the grass' and 'bumpy track' which confirm it's outdoor. The website explicitly states 'un pont et un tunnel', and reviews mention 'on the bridge', confirming it is multi-level."
846,AS Karting Corsika,600.0,False,True,"The website explicitly states 'piste de 600 m' and 'piste de 600 mètres'. It mentions a 'terrasse panoramique' from which 'toutes la piste est visible' and 'Nocturne possible', strongly indicating an outdoor track. There is no mention of an indoor or multilevel track."
1035,Karting Saint-Cyprien,700.0,False,True,The website explicitly states the track length as 'piste karting de 700m de long' and its width as '8m de large'. The description of 'deux longues lignes droites' and amenities like 'terrasse extérieure' strongly indicates an outdoor track. There is no mention of an indoor or multi-level track.
1036,Karting de Torreilles,,False,True,Track length is not mentioned in either the website content or customer reviews. There is no information to suggest the track is indoor or multilevel. The assumption that it is outdoor is based on the general nature of karting facilities and the absence of any mention of indoor tracks or specific features like multiple levels in either provided source.
1039,Grand Circuit du Roussillon,1513.0,False,True,"The website explicitly lists 3 circuits (726m, 1019m, 1513m). The 1513m track is the longest and is associated with 'TRACKDAY auto/moto ou aux événements spéciaux', and the facility was 'élu en 2000 le plus grand circuit du monde', which likely refers to this track, making it the 'main' circuit. Its length and the types of events (auto/moto track days) strongly indicate an outdoor facility. There is no information or mention of multiple levels in the track descriptions or reviews."
1116,Circuit International de Lavelanet,1402.0,True,True,"The website explicitly states 'Une piste de karting de 1402 m' for the main track. It also mentions 'Un circuit gonflable de karting électriques pour les 3 à 6 ans !' which is located within a 'Parc de Jeux gonflables couvert et ouvert toute l’année !!', indicating an indoor track for children. The main 1402m track is outdoor, as suggested by its description as 'rapide et sinueuse', its proximity to a paintball field 'au coeur de la forêt de pins', GPS coordinates, and the mention of 'Endurances par équipe' events. There is no mention of multiple levels for any track."
1024,Karting Six-Fours,,,,"No data available (scrape failed, no reviews)"
1033,Sun Kart - Gruissan,700.0,False,True,A customer review explicitly states '2 tracks: one approved by the ffsa of 700m'. Neither the website nor any review mentions an indoor or multilevel track. The location 'Gruissan les ayguades' (a coastal area) implies an outdoor setting.
703,Circuit de Karting Elceka,,False,True,"The website explicitly describes the track as 'vallonné' (hilly) and having 'dénivelés marqués' (marked elevation changes), and mentions 'lignes droites à pleine vitesse', suggesting an outdoor circuit with natural terrain. Customer reviews reinforce this with mentions of 'slope', 'descent', 'gradient', and 'superb setting' or 'exceptional setting'. No information about the specific track length in meters was found in either source. The consistency across both data sources for outdoor and multilevel nature provides high confidence."
855,Mini Bolid' Club Pertuisien,,False,False,"The website content strongly suggests 'Mini Bolid' Club Pertuisien' is a Radio-Controlled (RC) car club ('Challenge 100% RC 2025'), not a karting facility as implied by the task. No information about track length, indoor/outdoor status, or multilevel features is provided for any type of track in either the website content or the customer reviews. The 'Piste' subpage only mentions general opening hours for 'Le Complexe Sportif du Farigoulier', without any specific track details."
700,Circuit 2,,False,True,"The provided website content describes 'Circuit du Var', a facility that hosts car racing events, GT driving stages, and monoplace pilotage (e.g., 'Formule Renault 2,0'). There is no mention of a karting track, its length, or any specific features like being indoor or multi-level. The nature of the events (car racing) strongly implies an outdoor circuit. No customer reviews were provided."
1281,Kart'Azur,,False,True,"The provided website content was unavailable. Customer reviews indicate the presence of a 'big track' with 'elevation change', suggesting a multi-level outdoor track. The location is described as 'surrounded by mountains', confirming it is an outdoor facility. No specific track length was mentioned in the reviews."
1252,Karting des 3 Lacs,740.0,False,True,"The 'La piste' subpage on the website explicitly states 'Longueur 740'. Both the website content and multiple customer reviews describe an outdoor setting ('cadre naturel', 'en bordure de trois lacs', 'magnificent outdoor circuit at the foot of the mountains'). A customer review specifically mentions 'a change in elevation that makes it even more fun', confirming the multilevel aspect."
691,48 K-C-V Lozère,,,,"No data available (scrape failed, no reviews)"
1277,MP Karting,,False,True,"Track length is not mentioned in the provided content. The website mentions 'Rooftop avec vue panoramique' (Rooftop with panoramic view) and the location is 'Aérodrome' (Aerodrome), which strongly suggests an outdoor track. There is no mention of an indoor track facility or multiple levels (bridges, tunnels, etc.)."
1313,Mistral Karting,820.0,False,True,"The website explicitly states: 'Au cœur de ses installations, vous découvrirez pas moins de quatre circuits variés, dont une spectaculaire piste outdoor de 820 mètres.' This length is associated with the main outdoor track. There is no mention of an indoor track or multi-level features in either the website content or customer reviews; instead, the website emphasizes an 'outdoor' track and an 'arboré park'."
745,Mistral Karting Montélimar,820.0,False,True,"The website explicitly states 'vous découvrirez pas moins de quatre circuits variés, dont une spectaculaire piste outdoor de 820 mètres'. This is identified as the main adult track given its description and the different kart types assigned to 'Circuit 1'. There is no mention of an indoor track or multi-level features in either the website content or the reviews."
664,Karting Philippe Lavilledieu,1300.0,False,True,"The website explicitly states the track is '1 300m de long'. It also mentions 'un virage relevé et un dénivelé important, unique en France', indicating it is multilevel. The location description 'en plein cœur de l'Ardèche méridionale' and reviews mentioning 'great terrain' confirm it is an outdoor track with no indication of an indoor track. Reviews also confirm 'varying elevations'."
1175,Piste de Kart Cross du Creaux de Barret,,False,True,"The website content for 'La Laupie Kart Cross' (not 'Piste de Kart Cross du Creaux de Barret') states 'Course sur terre' (dirt track), which strongly implies an outdoor track. No information regarding track length or multi-level features was found in the provided content or reviews."
1052,KARTING TOPGUN EVASION,1100.0,False,True,"The website's 'Le Circuit' page explicitly states 'Grande Piste : 1100m x 8m' for the main adult track and mentions a 'corkscrew' feature, indicating multiple levels. There is no mention of an indoor track on the website. Customer reviews provide strong indicators of an outdoor track, such as comments about 'pitch my tent in the middle of the track' and 'the track was full of large 3cm stones'."
1236,Karting sur Glace Orcières,,False,True,"No track length information was found in the website content or customer reviews. The facility name 'Karting sur Glace Orcières' (Karting on Ice in Orcières, a ski resort) strongly implies an outdoor ice track. This is further supported by reviews mentioning a 'fantastic track in an idyllic setting', which suggests an open-air environment. No information suggests it is an indoor or multi-level track."
694,Skelter Club Hoekse Waard,,,,"The provided website content and customer reviews are for 'Crapa'hutte', an adventure park offering activities such as ziplining, via ferrata, and obstacle courses. There is no mention or indication of a karting facility or a karting track in the provided data. Therefore, no specific track data related to karting could be extracted."
1187,Karting Serre Chevalier,500.0,False,True,"The website explicitly states 'une piste de 500 mètres'. Both the website (describing 'kart sur glace' in a resort) and reviews ('ice karting', 'always shaded after 2 pm') indicate it is an outdoor track. There is no information in either source to suggest it is a multilevel track."
1234,Circuit de Karting de la Roche de Glun,,False,True,"Track length is not mentioned in either source. 'Is indoor' is set to false and 'is outdoor' to true based on the facility name 'Circuit de Karting' and the listed events such as 'SPRINT CUP', 'JUNIOR CUP', and 'GP 1H Endurance', which typically take place on outdoor circuits. There is no information suggesting an indoor facility. 'Is multilevel' is set to false as there is no mention of such a feature in the provided content, which would likely be highlighted if present. Overall confidence is low due to the lack of explicit track specifications and the necessity of inference for track type."
671,Karting City Périgord,,False,True,"The website explicitly states 'Karting City Pro est le premier karting électrique extérieur de France', confirming it is an outdoor facility and not indoor. No specific track length in meters is provided on the website or in the reviews. One review mentions the track is 'short and narrow' but gives no numerical value. Neither source indicates the track is multi-level, and 'atypical' is too vague to confirm this feature."
1157,Saint-Paul Kart Team,,,,"No data available (scrape failed, no reviews)"
935,Garden Karting,,False,True,Track length and multilevel information are not available in the provided website content or customer reviews. The name 'Garden Karting' from the website strongly suggests an outdoor track. There is no information to indicate it is indoor or multilevel.
748,Green Kart,500.0,True,False,"The website explicitly states: 'Piste de karting indoor à étage de 500m' and 'Piste de karting de 500m homologuée par la FFSA'. It also mentions 'Piste couverte de 500 mètres sur 2 niveaux', confirming it is indoor and multilevel."
858,A.S. Karting Etauliers,,False,True,"The website states the facility is open from March 1st to October 31st each year, with specific daytime hours (e.g., Wednesdays 14h-19h30). This seasonal operation strongly indicates an outdoor track. Reviews mention an outing in 'August,' which aligns with an outdoor facility's operating season. There is no mention of track length or multi-level features in either source."
1346,Kart à Pédales,1402.0,True,True,"The website explicitly states 'Une piste de karting de 1402 m' for the main karting track. It also mentions 'Un circuit gonflable de karting électriques pour les 3 à 6 ans' which is located within a 'parc de jeux gonflables couvert', indicating an indoor/covered track. The main 1402m track is implied to be outdoor by references to 'circuit en Ariège', its location on 'D625', and the paintball area being 'au dessus de la piste de Karting, au coeur de la forêt de pins'. There is no mention of a multilevel track."
1204,Circuit de barcelonnette,,False,True,"Length: No specific numerical length was mentioned in the provided reviews. Reviews did describe it as a 'short circuit' and 'short, quick, and fun tour', suggesting it's not a long track, but no meters were given. 
Indoor/Outdoor: Reviews mention 'too bad there wasn't any snow... i would have loved to try it.', which strongly implies it is an outdoor track affected by weather. There is no mention of an indoor facility. 
Multilevel: No mention of a multilevel track was found in any review."
1235,Karthors,800.0,False,True,"The website explicitly states: 'Une piste de 800 mètres avec relief homologuée FFSA'. It also clarifies it's an 'extérieur' (outdoor) circuit. The 'avec relief' (with relief/elevation) indicates it is not a flat track, implying it has multiple levels of elevation."
956,Karting Plus,1500.0,False,True,"The website explicitly states the track is '1500 m de long' and 'vallonné'. Customer reviews confirm it's 'located on top of a hill', 'in a natural setting', and 'hilly', supporting its outdoor and multi-level (with elevation changes) nature."
1031,Milhaud Karting,525.0,False,True,The website explicitly states the track length is '525 mètres' on both the main page and the 'Piste & Karts' subpage. It is also described as an 'outdoor leisure circuit' ('circuit loisirs outdoor'). There is no mention of the track being multilevel in any of the provided content.
661,Karting Magescq,1200.0,False,True,"The website explicitly states there are '2 pistes à ciel ouvert' (2 open-air tracks), one of which is '1200m pour les adultes et la compétition'. Reviews confirm the outdoor setting by mentioning a 'wet' track and 'circuit in the forest'. There is no information suggesting a multi-level track."
684,Karting Manosque,,False,True,"The website states 'LE KARTING EST FERMÉ POUR LA TRÊVE HIVERNALE', a winter break common for outdoor tracks. Customer reviews mention 'the track is dirty gravel stones, black water pipe lying on the track', which clearly indicates an outdoor setting. No information about track length or multi-level design was found."
2397,Bud Racing Training Camp,2400.0,False,True,"The 'LES PISTES' subpage on the website explicitly states the 'Race Track' is 2400 meters long, designated for 'pilotes les plus aguerris' (most experienced riders), making it a strong candidate for the main adult track. The website describes the facility as an 'off-road motorcycle complex' ('complexe moto tout-terrain') with track textures like sand and dirt, confirming an outdoor setting. No information in either the website content or customer reviews suggests any track is multilevel."
1030,Sud Karting,,False,True,"The website states 'Venez passer un moment... toute l'année sous le beau soleil du sud de la France!' and 'Le circuit est fermé par temps de pluie.', which confirms it is an outdoor track and not an indoor one. No information regarding track length or multi-level design was found in either source."
1562,Baby Kart,720.0,False,True,The website's 'Circuit' subpage explicitly states 'Un circuit de karting de 720 mètres' for the main leisure track. Both the website (mentioning 'Terrasses et jeux enfants') and reviews (mentioning a 'playground') strongly indicate an outdoor facility. There is no information in either source to suggest an indoor or multilevel track.
894,Circuit Julie Tonelli,950.0,False,True,The website explicitly states: 'Notre circuit de karting de Beaucaire de 950m de long sur 8 mètres de large' and 'Elle mesure 950 mètres de long et 8 mètres de large' for the Circuit Julie Tonelli. It also states 'vous propose l’activité du kart en extérieur'. There is no mention of it being indoor or multi-level.
2398,Pégase RC racing,,False,False,"The provided website content is for an aeromodelling club named 'Pégase Aéromodélisme'. It details activities involving model airplanes, gliders, helicopters, multi-rotors, and drones, with both outdoor flying fields and indoor gym sessions for flying. There is no mention of 'karting', 'RC racing' for ground vehicles, or any track specifications relevant to a karting facility. No customer reviews were provided either. Therefore, no data about a karting track can be extracted from the given sources."
1518,Karting des Auzieres,,,,"The provided website content and customer reviews are for 'Karting Circuit Paul Ricard', not 'Karting des Auzieres'. Therefore, no data specifically for 'Karting des Auzieres' can be extracted from the given sources."
1269,Parc Sports & Loisirs Gorges de l'Hérault - Cévennes,,False,False,"No information regarding the karting track's length, indoor/outdoor status, or multi-level features was found in either the provided (empty) website content or the customer review snippet."
670,La Calmette Karting,,False,True,"The website states 'Venez vivre une expérience unique de karting dans un environnement naturel exceptionnel', which strongly indicates an outdoor track and no indoor facilities for the karting itself. No information about the track length or if it is multi-level was found in either the website content or the customer reviews. Therefore, length_meters is null and is_multilevel is false due to lack of evidence."
1308,Les Karts à Pédales,726.0,False,True,"The website explicitly lists three circuits: 726m, 1019m, and 1513m. Circuit 1, at 726m, is described as suitable for 'Sessions de karting loisir à partir de 3 ans : babykart, enfants, adultes et biplaces', making it the primary track for general adult leisure karting. There is no mention of an indoor facility or multiple levels; the descriptions of 'track days auto/moto' strongly imply an outdoor setting."
946,Karting de Monteux,,False,True,"Reviews repeatedly mention 'a beautiful slope' and 'the slope is absolutely perfect,' which indicates elevation changes on an outdoor track. The complex is also described as 'secluded and very peaceful.' No specific track length is mentioned in either source."
1051,Karting 47,1200.0,False,True,"The website explicitly states: 'La piste de Layrac est atypique car elle est vallonnée et s’étend sur une longueur de 1200 mètres.' This confirms the length and outdoor nature (vallonnée, 16 hectares of terrain, use of rain suits, summer attire, closing at dusk). There is no mention of an indoor track. While the track is described as 'vallonnée' (hilly/undulating), this indicates natural elevation changes rather than an engineered multi-level structure (like bridges over track sections) typically defined as 'multilevel' in karting."
1049,LF Karting,1200.0,False,True,"The website explicitly states the track 's’étend sur une longueur de 1200 mètres'. It also mentions 'Nous sommes équipés de combinaisons de pluie !' and 'En été vous pouvez rouler en short', confirming it is an outdoor track affected by weather. The description 'atypique car elle est vallonnée' suggests natural terrain changes but does not indicate a constructed multi-level track with ramps or bridges over other sections."
918,Tour de contrôle karting,726.0,False,True,"The website explicitly lists 'Circuit 1 – 726m' for 'Sessions de karting loisir... adultes'. There is no mention of any indoor or multi-level track. Descriptions such as 'plus grand circuit du monde', 'TRACKDAY auto/moto', and 'homologué FFSA et FFM' strongly indicate an outdoor facility."
1574,Grands Kartings,,False,False,"Neither the website content nor the customer reviews provide any specific data regarding the track's length, whether it is indoor or outdoor, or if it is multilevel. The name 'Karting Center Tours' could suggest an indoor facility, but there is no explicit confirmation. Therefore, all track characteristic flags are set to 'false' due to lack of positive evidence, and length is 'null'."
721,Solokart,,False,False,"Length: No specific track length in meters was mentioned in either the website content or customer reviews.
Is Indoor/Outdoor: No explicit information or strong indicators were found in the provided text to confirm if the track (or tracks, as reviews indicate multiple) is indoor or outdoor. Phrases like 'amazing day' or 'afternoon out' are not definitive proof of an outdoor facility.
Is Multilevel: No mention of a multilevel track, bridges, or elevation changes was found in either source."
314,Kartbahn Schwarzbach,,False,True,"Customer reviews explicitly state 'very nice outdoor kart track', indicating it is an outdoor facility. No information regarding the specific track length or whether it is multilevel was found in either the website content or customer reviews."
2399,Stade Jacky Simon,,,,"No data available (scrape failed, no reviews)"
182,Kart Center Landau,,True,False,"Track length and multilevel status are unknown as no explicit information was provided in either source. The facility's name 'Kart Center Landau' and the website's description of children learning 'in aller Ruhe' strongly suggest an indoor environment, leading to 'is_indoor: true' and 'is_outdoor: false' by inference."
492,Karthaus,,True,False,"No specific track length is mentioned. The website references an 'E-KARTBAHN & EVENT CENTER AM FASHION OUTLET' and lists other indoor activities like 'VR ARENA', strongly implying an indoor facility. There is no mention of an outdoor track. No information regarding multiple levels is provided."
262,BattleKart St-Leon-Rot,,True,False,"The website describes a 'virtual environment' and 'bonuses projected onto the floor,' which necessitates an indoor setting. A customer review also refers to 'the room is also very exciting.' No specific track length or multi-level features are mentioned in either source. While one review mentions 'a pleasant outdoor area,' this refers to the 'center' in general, not the karting track itself, which relies on indoor projections."
827,Circuit Karting de Pont-L'Évêque,,False,True,"The website mentions karting is available 'Par tous les temps, et même lorsque cela glisse…', which strongly indicates an outdoor track where weather can affect grip, hence not indoor. There is no information regarding track length or if it is multilevel."
226,Kartbahn Bous,,True,False,"The website explicitly states 'INDOOR KART Stahlwerk Bous' and 'Die größte Indoor Kartbahn des Saarlandes!', confirming it is an indoor track with no indication of an outdoor track. Track length and multi-level features are not specified in either the website content or customer reviews."
784,Circuit de Cabourg - Team Active,900.0,False,True,The website explicitly states the track is a 'large 900 meter track'. The use of 'asphalt' on the website and a customer review mentioning the 'track was open even though it was raining' strongly indicate it is an outdoor track. There is no mention of indoor facilities or multi-level features in either the website content or the customer reviews.
1114,Kart Race,1154.0,False,True,"The website explicitly states the track length as 'Une piste de 1154 mètres'. Reviews confirm it is an 'outdoor circuit' and imply an outdoor setting ('au milieu d'un pôle de loisirs' on the website). Neither source mentions any multilevel features, leading to the conclusion that it is not multilevel."
695,Circuit de Ouistreham - Team Active,550.0,False,True,"The website explicitly states 'With its 550 meters of slopes' for the main circuit. The outdoor nature is confirmed by the website describing it as 'the only beach circuit in France. It is by the sea, a few steps from the beach,' and reinforced by reviews mentioning 'go-karting outdoors, just a stone's throw from the beach.' There is no mention of indoor or multi-level tracks in either source."
480,Kartbahn Walldorf,,False,True,"Length: Neither the website nor the reviews provide a specific track length in meters. Reviews describe it as a 'short circuit' and 'little layout', but without a numerical value. Is_indoor: The website states opening hours are 'JE NACH WETTER' (depending on weather) and mentions 'Crossbahnen' (motocross tracks), a noise limit of 98db(A), and requirements for environmental mats, all strongly indicating an outdoor facility. There is no mention of any indoor section. Is_outdoor: The website states opening hours are 'JE NACH WETTER', has rules for 'Crossbahnen' (motocross tracks), a noise limit of 98db(A), and requirements for environmental mats, all strongly indicating an outdoor facility. Reviews also explicitly mention a 'kart track plus motocross track', reinforcing the outdoor nature. Is_multilevel: Neither the website nor the customer reviews mention any multi-level features for the kart track."
921,Circuit de l'Europe,,False,True,"No specific track length is mentioned in the website content or customer reviews. The website explicitly states 'activités résolument tournées vers le plein air' (activities resolutely turned towards the open air) and 'Prenez un bol d'air frais' (take a breath of fresh air), indicating an outdoor track. There is no information to suggest the track is multi-level, only that it is 'technical' with 'good turns'."
260,Spiel-Preis GmbH & Co. KG,,True,False,"The website and reviews refer to an 'Ausstellung mit Teststrecke' (exhibition with test track) and an 'in-house test track' where customers can try out go-karts for sale. This implies a track located within their showroom/exhibition space, which is typically indoors. No specific track length is provided, nor are there any indications of an outdoor or multi-level design for this permanent test track. The reviews also mention 'rented the mobile go-kart track', but this is a rental service and not a description of a fixed track at their facility."
231,ProKart Raceland,,True,True,"No specific track length in meters was found in either the website content or customer reviews. The website explicitly mentions 'Indoorstrecke' and 'Outdoorstrecke' multiple times, confirmed by reviews mentioning 'in/outdoors'. There is no mention of a multi-level track in any of the provided content."
615,Circuit de Deauville - Team Active,760.0,False,True,"The website explicitly states: 'On the 760-meter adult track or the 480-meter children's track'. We selected the adult track length. The facility is described as a 'multi-activity site in Deauville' and 'In the heart of Normandy'. Other activities offered, such as vintage buggy rides and paintball, are inherently outdoor, strongly implying the karting tracks are also outdoor. There is no mention of an indoor track or multiple levels in either the website content or customer reviews."
1140,Parking Karting Visiteurs,,False,True,"The website content mentions 'Roulage ""de nuit"" possible sous les projecteurs' (night driving possible under floodlights), which strongly indicates an outdoor track. Customer reviews also mention 'curbs' and 'bumpy', reinforcing the outdoor nature. No information in either source suggests an indoor facility or multiple levels for the track. No specific track length in meters was found in the provided content."
1180,Circuit De Deauville -,760.0,False,True,"The website explicitly states: 'On the 760-meter adult track'. The description of the location as a 'multi-activity site in Deauville' and 'In the heart of Normandy', offering activities like karting, vintage buggy rides, paintball, and laser game, strongly implies an outdoor setting for the karting circuit. There is no mention of an indoor or multi-level track."
1079,Circut de Bucy,,False,True,"The website does not explicitly state the track length or if it's multi-level. It mentions being 'open essentially from March to November' and located 'au cœur des Hauts-de-France', which strongly implies an outdoor track operating seasonally. There is no mention of an indoor facility or multi-level features."
339,Saarlandring Kartbahn,716.0,False,True,"The website explicitly states the track is '716 m lang' and 'die einzige Outdoorkartbahn im Saarland', which confirms it is outdoor and not indoor. There is no mention of multiple levels on either source. The review's 'pure inside action' is ambiguous and strongly contradicted by the official website's definitive statement."
257,Buggy Racer,,False,True,"The provided content describes a track for RC model vehicles (Maßstab 1:10 und 1:8) run by 'Offroad Minicar Crew e.V.', not a karting facility for humans. No track length in meters is mentioned. The 'Offroad' designation and webcams for 'Turm' (tower) and 'Parkplatz' (parking lot) strongly indicate an outdoor track. There is no information suggesting an indoor or multilevel track."
1270,Piste de Karting de Lessay,,False,True,"No specific track length information was found on the website or in the customer reviews. The website refers to the facility as 'Piste de Karting' (Karting Track), implying an outdoor setting. Customer reviews mention 'cross truck race', 'motocross races', an 'airfield', and an 'earth embankment' (for a 'joker' lap, typically rallycross-related) adjacent to the 'go-kart track', which strongly indicates an outdoor environment. There is no information to suggest the kart track is indoor or multi-level. The 'earth embankment' reference is not sufficient to confirm a multi-level kart track, and likely pertains to other motorsport activities at the site."
1074,Piste de karting de Cattenom,,False,True,"Track length in meters is not specified in either the website content or customer reviews. The website mentions 'Roulage ""de nuit"" possible sous les projecteurs', which is characteristic of an outdoor track. Customer reviews also mention 'curbs', further supporting an outdoor environment. No information suggests the track is indoor or multi-level."
585,Formula 1 Münzautoscooter,,False,False,"The provided 'WEBSITE CONTENT' is for 'Churpfalzpark' and contains general park information, contact details, and a 404 error page for attractions. It does not mention 'Formula 1 Münzautoscooter' or provide any specific details about a karting track (length, indoor/outdoor status, multilevel features). No 'CUSTOMER REVIEWS' content was provided for analysis."
2366,Virtual Time,,,,"The provided website content and customer reviews describe 'Virtual Room', a Virtual Reality (VR) collaborative gaming facility, not a karting facility. Therefore, information about karting track attributes such as length, indoor/outdoor status, or multilevel features is not present in the given sources."
377,Kartbahn Bopfingen,,False,True,"The website explicitly mentions a 'Winterpause' (winter break) for the 'Kartbetrieb' and that operation is contingent on 'gutem Wetter' (good weather) for short-term openings, strongly indicating an outdoor track. Customer reviews indirectly support this by mentioning 'beautiful scenery'. No specific information regarding the track's length or if it is multilevel was found in either the website content or the customer reviews."
2350,Sim Drivers,,True,False,"The facility 'Sim Drivers' is explicitly described as 'LE 1ER CENTRE EXPÉRIMENTIEL DE SIMULATEURS DE COURSES AUTOMOBILES À PARIS !' and 'simulateurs professionnels'. Both the website and reviews confirm it's a simulator center, not a physical karting track. Therefore, 'length_meters' is not applicable. The website describes 'un lieu totalement immersif de 170m²' with various 'espaces' (reception, relaxation, podium, simulators) all within this indoor space. Reviews mention 'no ventilation, can get pretty hot', which strongly supports an indoor setting. There is no indication of any outdoor track or multilevel structure for driving within the physical facility."
1338,Karts Enfants,1500.0,False,True,"The website explicitly states: 'Une piste de 1500m au tracé unique dédiée aux licenciés' which also includes features like a 'pont' (bridge) indicating a multi-level design. The facility is described as having '5 pistes outdoor pour tous les niveaux', confirming it is an outdoor facility with no mention of indoor tracks. While a review mentions 'how short it is', the website's explicit measurements and descriptions of 'le plus grand complexe d'Europe' and 'le plus grand tracé de France' for its connected tracks are prioritized."
429,MSC Übungsplatz,,False,True,"No specific track length is provided in either source; reviews describe it as 'small' with '2 different sized laps'. The website mentions opening hours from '8:00Uhr bis zum Einbruch der Dunkelheit' (until nightfall), and reviews describe 'steep terrain' and 'many climbs', strongly indicating an outdoor facility. The mentions of 'steep terrain' and 'many climbs' in reviews suggest significant elevation changes, thus qualifying as multilevel in terms of track design."
420,Indy-Cart Indoorkartbahn,,True,False,"The facility name 'Indy-Cart Indoorkartbahn' explicitly indicates it is an indoor track. No information regarding track length, multi-level design, or outdoor sections was found in the provided website content or reviews."
646,Karting Neumuehle,,False,True,"The website explicitly states 'Le Plaisir du Karting à ciel ouvert !' (The pleasure of open-air Karting!) and 'Seul circuit outdoor (en extérieur) à 100 km à la ronde !' (Only outdoor circuit within a 100km radius!), confirming it is an outdoor track. There is no mention of track length or any multi-level features in either the website content or the customer reviews."
729,Circuit de karting Technikart,,False,True,"The website explicitly states it is an 'outdoor circuit' ('circuit extérieur'), confirming 'is_outdoor' as true and 'is_indoor' as false. No track length is mentioned in either the website content or the customer reviews. 'Is_multilevel' is set to false as there is no explicit mention or strong indication of multiple levels (e.g., bridges, tunnels) in either source. A review mentions 'the slope is great', which could imply elevation changes but is too vague to confirm a multi-level structure."
177,Planet KART-O-MANIA,,True,False,"The website content provides no details about the track. Reviews imply an indoor facility by listing go-karting alongside other clearly indoor activities like darts, bowling, billiards, and arcade machines, and mentioning 'indoor games'. There is no information about track length or whether it's multi-level, and no mention of any outdoor track or activities."
655,Metz Kart Indoor,,True,False,"The website lists 'METZ' as 'Indoor Kart'. A customer review confirms it as 'good indoor karting' and explicitly mentions 'up and downs', which indicates a multilevel track. Neither the website nor the customer review provides information about the track length."
632,Karting - Aérodrome,,True,False,"The website explicitly mentions 'pistes indoor' (indoor track) and highlights it as 'one of the largest indoor tracks' in Ile de France, confirming 'is_indoor' as true. No specific length in meters is provided. There is no mention of an outdoor track, leading to 'is_outdoor' being false by exclusion. No information regarding a multilevel track was found, so 'is_multilevel' is false. The customer reviews section was empty. Confidence is 'Low' due to the absence of specific length and multilevel information."
912,RKC Karting,1200.0,False,True,"The website explicitly mentions four tracks, including 'PISTE 1200 M' and 'PISTE 1000 M'. The 1200m track is described with features appealing to enthusiasts (compared to Spa-Francorchamps) and is the longest adult track, making it the primary choice. The facility is repeatedly advertised as 'Le plus grand complexe de karting extérieur en Europe', confirming it's outdoor. No information suggests it is multilevel."
433,Kartbahn Liedolsheim,,False,True,"Track length is not explicitly mentioned in either source. The address includes 'Kartbahnring', the website refers to 'Rennkart-Betrieb' and 'SAKC Rennen' (which are outdoor championships), and reviews mention 'high speed go carting' and 'worn curbs', all strongly indicating an outdoor track. No information suggests it is indoor or multilevel."
698,Karting 55,,False,False,"No specific track length in meters is mentioned in either data source. Customer reviews describe the track as 'not very long but technical and physical,' but provide no numerical value. There is no information to confirm if the track is indoor, outdoor, or multilevel; therefore, these flags are set to false by default due to lack of evidence."
2346,Esports Virtual Arenas,,True,False,"The provided content describes 'Esports Virtual Arenas' (EVA) as a virtual reality (VR) gaming facility with 'arènes de 500 m²' (500 sq meter arenas) for free-roam VR gaming, not a karting facility with a physical track. Therefore, no information regarding a physical track length is available. The facility is clearly indoor, as indicated by descriptions like 'salle d'Esport VR' on the website and corroborated by customer reviews mentioning 'the room'. There is no mention of outdoor or multilevel components for the VR playing area in either source."
1057,Karting de Caen,,False,True,"Track length (in meters) is not specified on the website or in reviews. The facility is named 'Circuit de Caen' on the website, and customer reviews mention a 'night team race' on the 'Jean Pierre Jaussaud track', which are strong indicators of an outdoor facility. The website also refers to 'pistes Monaco' and 'piste Monza'. There is no information to suggest the track is indoor or multilevel."
536,Go Karts,,True,True,"Track length in meters is not specified in either the website content or customer reviews. The website explicitly mentions both an 'Indoorstrecke' and 'Outdoorstrecke' across multiple sections (e.g., Webkalender, Prices, FAQ) and reviews confirm 'in/outdoors'. There is no mention of a multilevel track in any of the provided sources."
1355,Karting de Beauvais,1000.0,False,True,"The website explicitly states the track is 'Une piste de 1000 mètres' on multiple pages (homepage, 'demande d'informations', and 'LOCATION PARTICULIER' subpages). Customer reviews explicitly mention it's an 'outdoor karting track'. There is no mention of it being indoor or multilevel in either source."
299,Go! Indoor eKart,,False,False,"The provided website content and customer reviews describe 'FUN PARK Kaiserslautern', which is a trampoline park and entertainment center featuring trampolines, pixel games, escape rooms, and a ninja parcours. There is no mention of 'Go! Indoor eKart' or any karting facility or kart track within the provided text. Therefore, no data regarding a kart track could be extracted."
225,Michael Schumacher Kart and Event Center,728.0,True,True,The website explicitly states 'Auf über 6000 m² entstand 1997 die 728 m lange Indoor-Kartstrecke. 2002 folgte die 710 m lange Outdoor­kartbahn.' Reviews also confirm 'indoor and outdoor' tracks. The 728m indoor track is selected as the primary length as it's slightly longer. There is no information in either source to suggest the tracks are multi-level.
491,Eco-Kart,,True,False,"Track length is not specified in either the website content or reviews. The website explicitly identifies the facility as 'modernste und innovativste Indoor Kartbahn Europas' (most modern and innovative indoor kart track in Europe), confirming it is indoor and not outdoor. There is no explicit mention of multi-level track features in either source."
1859,The Track (Cycle Racing Facility),,False,True,"The provided content describes 'The Track (Cycle Racing Facility)', which is a bike park/trail system, not a karting facility. 
- length_meters: No specific track length in meters is mentioned. Both website and reviews refer to 'miles of trails', 'lots of lines', and 'runs for all ages', indicating multiple varied paths rather than a single measurable track length. 
- is_indoor: False. The website states the facility is 'closed for the winter' and reopens at Easter, strongly implying it's an outdoor venue. Reviews mention riding in rain and wind, confirming exposure to weather. 
- is_outdoor: True. Confirmed by the seasonal closure mentioned on the website and customer reviews noting conditions like rain and wind. 
- is_multilevel: True. A customer review explicitly states 'there were 2 levels which suited her ability'. While this could refer to skill levels, in the context of a bike park with jumps and varied trails, it also implies distinct sections or areas, possibly with different elevation profiles, which can be considered a form of multi-level design."
2405,Player Ready Virtual Reality,,False,False,"The website explicitly states that 'Racing Simulators are a great party alternative to Go-Karting' and lists '2 VR Immersive Racing Simulators'. It is a 'Virtual Reality' facility, not a traditional karting facility with a physical track. Therefore, traditional track data like length, indoor/outdoor status, or multilevel design do not apply to this facility."
1883,Cornwall BMX Racing Club,,False,True,"The website explicitly states that 'All our sessions are weather dependant' and mentions 'Heavy Rain' affecting schedules, strongly indicating an outdoor track. No specific track length is provided. While BMX tracks have elevation changes (jumps, berms), they are not typically referred to as 'multilevel' in the same architectural sense as karting tracks with elevated sections or bridges."
454,Vogelsbergring,,,,"No data available (scrape failed, no reviews)"
1539,DKS-Motors,,False,True,"No explicit track length information was found. The website mentions 'Circuit du Hainaut' and 'Circuit International du Hainaut', and outdoor activities like paintball, strongly implying an outdoor track. No mention of an indoor track. Customer reviews mention 'an incredible layout with elevation changes', indicating a non-flat, potentially multi-level track design typically found outdoors."
187,ring°kartbahn,,,,"The provided website content and customer reviews are exclusively for 'BattleKart Trier', not 'ring°kartbahn'. Therefore, no specific track data for 'ring°kartbahn' can be extracted from these sources."
843,Opale Karting,603.0,False,True,"The website explicitly states the track length as '603 mètres de piste'. Customer reviews mention 'even more when it rains', which strongly implies the track is outdoor. There is no mention in either source of the track being indoor or multilevel."
401,Kart-Bahn Dahlemer Binz,1200.0,False,True,"The 'length_meters' of 1200m is derived from a customer review stating 'the 1.2 km long fast track'. The 'is_indoor' flag is false, and 'is_outdoor' is true, supported by the website's mention of 'Winterpause' and 'Wetter Dahlem' (Weather Dahlem), along with multiple reviews explicitly calling it a 'beautiful outdoor track' and 'outdoor racetrack'. The 'is_multilevel' flag is true, based on reviews mentioning 'lots of elevation change from top to bottom' and 'Elevation changes on the track'."
1646,Kartworld,800.0,False,True,"The website explicitly states an '800m all weather track' for adult, youth & junior karts. Reviews mention a 'great view,' strongly implying an outdoor setting. No information in either source suggests the track is indoor or multilevel."
978,Le Grand Prix,,False,False,"The provided 'WEBSITE CONTENT' is entirely about a supermarket chain named 'Grand Frais' (specifically the Liévin location) and contains no information related to a karting facility or 'Le Grand Prix'. The 'CUSTOMER REVIEWS' section is empty. Therefore, no data about a karting track could be extracted from the given sources."
126,Karting de Spa-Francorchamps,1092.0,False,True,"The website explicitly states the track is 'longue de 1092m' and 'La plus grande piste outdoor disponible à tous'. Reviews confirm it is 'not some tight, indoor loop' and describe outdoor features like 'tyre walls', 'grass verges', 'gravel traps'. There is no mention of multiple levels."
143,Green Power Kart,1100.0,True,False,"The website prominently states '1100m de Piste avec Double étage' and 'Piste indoor double étage de 1100m – Unique en Wallonie'. Reviews support the track being 'large', 'long', and 'covered', consistent with the website description."
1058,Chemin Autour du Karting d'Ostricourt,,False,True,No track length is explicitly stated in either the website content or customer reviews. 'Is_indoor' and 'is_multilevel' are inferred as false due to the complete absence of any descriptors or hints in either source. 'Is_outdoor' is inferred as true based on the website's reference to 'Circuit de la Métropole' and consistent customer review descriptions of a 'track' or 'circuit' as 'fast and technical' without any mention of being covered or indoors.
1147,Racing Kart JPR,,False,True,"Track length and multilevel status are not mentioned in either source. 'is_outdoor' is inferred from the website address 'Circuit de la Métropole' and 'RD 954-Zone d’Activité du Bois Dion', combined with review descriptions like 'fast and technical' which are typical for outdoor tracks. There is no mention of an indoor track."
145,Imagikart,,,,"The provided website content confirms karting as an activity at Imagipark but offers no specific details about the track's length, whether it is indoor or outdoor, or if it is multilevel. Customer reviews also do not provide this information."
308,Kartcenter Hungen,365.0,False,True,"The website explicitly states the track length as 'Unsere Strecke mit 365 m'. For the indoor/outdoor flags, the website consistently lists 'Benzinkart' for all regular opening hours, which indicates an outdoor track due to the necessity of ventilation for exhaust fumes. The geographical description ('am Rande des Vogelsbergs') also supports an outdoor setting. No mention of an indoor track or multi-level features is found on the website or in the customer reviews."
1833,St Eval Kart Circuit,1000.0,False,True,"The website explicitly states: 'Featuring a huge 1000m circuit' and describes itself multiple times as 'Cornwall’s premier outdoor Go-Kart Circuit' and 'a fantastic outdoor go kart track'. While a 'bridge' is mentioned in the 'About Us' section regarding track works ('the hairpin before the bridge is been widened'), this alone is not sufficient to confirm a truly 'multilevel' track in the typical sense of multiple floors or significant, sustained elevation changes, but rather a minor elevation feature."
2307,Coast2Coast Karting,,False,True,"Track length is not mentioned in either the website content or customer reviews. 'is_outdoor' is inferred from reviews mentioning a 'superb race track near hayle/st ives' and 'seating inside and outside and viewing of the…', which strongly suggests an outdoor track with an indoor/outdoor spectator area. Consequently, 'is_indoor' is set to false. There is no mention of multiple levels, bridges, or tunnels in either source, leading to 'is_multilevel' being set to false."
618,Giga Kart,,False,False,"Neither the provided website content nor the customer reviews offer specific numerical data for track length, nor do they explicitly state whether the track is indoor, outdoor, or multilevel. One review describes the track as 'a bit small', providing qualitative information about its size but no exact measurement."
882,Piste de Karting d'Anneville-Ambourville,1217.0,False,True,"The website's 'Circuits' subpage explicitly states: 'Le Circuit Lucien LEBRET... Développant dans sa configuration normale 1217 mètres, en plus de deux autres configurations de 1054 et 657 mètres'. This refers to the main competition track. The description of 'piste internationale', 'lignes droites', and 'construite en pente' clearly indicates an outdoor track. While it mentions being 'en pente' (on a slope), it does not describe engineered multilevel sections like bridges or tunnels."
1244,Abbeville Somme Karting,1163.0,False,True,"The website explicitly states: 'L’ASK est heureuse de vous accueillir sur la piste communale de la ville d’Abbeville d’une longueur de 1163m pour 8m de large.' The mention of 'Vue aérienne' (aerial view) and closure during 'période hivernale' (winter period) strongly indicate it's an outdoor track, and there is no mention of multiple levels."
2395,Espace Simone Veil,,False,False,The provided 'WEBSITE CONTENT' is general information about the city of Vernon and does not contain any details about 'Espace Simone Veil' or a karting track. The single customer review is too generic to provide any specific track data.
606,Minicars,,False,False,"The provided 'WEBSITE CONTENT' describes 'Inge's Minicar' as a taxi/ride-sharing service provider in Karlsruhe, Rastatt, and Bühl. It focuses on mobility services, app booking, call centers, and transportation types (e.g., airport transfers, wheelchair vehicles). There is no mention of a karting facility, go-karts, or any type of racing track. The 'REVIEWS' section was empty. Therefore, no data related to a karting track's length, indoor/outdoor nature, or multilevel design could be extracted."
333,Kartbahn MSC-Oberflockenbach,,False,True,"No specific track length or information about multiple levels was found in either the website content or customer reviews. The website refers to 'Kartplatz' (karting place/area) and activities like 'Kartslalom' and 'Kart Langstrecke', which strongly suggest an outdoor facility, but there is no mention of an indoor track."
324,Indoor Superkart Hemsbach,,True,False,"Track length and multi-level information not found in provided text. The website explicitly states 'Indoor-Superkart' and mentions being in 'einer eigens für die Anforderungen des Kartsports errichteten Halle' (a hall specially built for the requirements of karting), confirming it is an indoor facility with no mention of an outdoor track."
1275,Xtreme fun 08,,,,"No data available (scrape failed, no reviews)"
773,A.S. Karting Circuit de la Hague,1345.0,False,True,"The website explicitly states the track length as 'un circuit de 1345m' and '1345 M DE PISTE'. The outdoor status is confirmed by customer reviews mentioning 'great outdoor kart' and 'la hague circuit', and is strongly implied by the website's description of a 'complexe sportif' with 'parking extérieur' and a 'tribune'. Although one review mentions a 'banked track', which indicates some elevation or design features in corners, it does not provide enough evidence to classify the track as multi-level (e.g., having bridges or tunnels spanning different track segments)."
1169,Karting Haute Picardie,1300.0,False,True,"The website explicitly states 'deux circuits homologués FFSA de 600 mètres et de 1300 mètres'. Reviews confirm these lengths, with the 1300m track being described as 'incredible' and the 600m as 'a bit small', indicating the 1300m is the main adult track. There is no mention of an indoor or multi-level track; descriptions like 'le plus grand site de karting au nord de Paris' and 'cadre exceptionnel' strongly suggest an outdoor facility."
414,Go-Kartbahn,,True,False,"The track length is not mentioned in the provided content. The 'Kart Arena' is part of a facility named 'ACTIONARENA' that groups multiple activities. Other activities listed include 'Laser Arena', 'Bowling Arena', and 'Jump & Run', which are typically indoor. Significantly, 'Mantiz Outdoor Laser-Battle' is explicitly labeled 'Outdoor', implying that other activities, including the 'Kart Arena', are indoor by default. No information about the track being multilevel was found."
434,BattleKart Trier,,True,False,"The website explicitly mentions 'bonuses projected on the floor' and interaction with a 'virtual environment,' which necessitates an indoor, controlled setting for the projections to be visible and functional. No information was found about track length or multi-level design."
79,Bouillon Karting,400.0,False,True,The website explicitly states 'Long de 400 mètres' and confirms this with '400 mètres de circuit'. It also repeatedly mentions 'en plein air' (outdoor) for the circuit. There is no information in either the website content or the reviews to suggest it is an indoor or multilevel track.
277,Mainfranken Motodrom,330.0,True,False,"The website explicitly states '330 Meter lange Rennstrecke' and refers to the facility as a 'Karthalle' with 'zwei Etagen' (two floors) and 'Rampe hoch und über die Empore', indicating it is an indoor, multi-level track. There is no mention of an outdoor track."
675,Sim Racing,,False,False,"Both the website content and customer reviews consistently describe 'Sim-One' as a virtual racing simulation center with high-tech simulators and VR headsets (e.g., 'simulation automobile', 'nos simulateurs', 'simulator driving experience', 'headset on, we were immersed'). There is no mention of a physical karting track, length, or any physical track features. Therefore, the requested physical track attributes are not applicable."
279,Kartbahn Gerolzhofen,,False,True,The website explicitly refers to the facility as an 'Outdoor-Kartbahn'. The FAQ item 'ES REGNET - KÖNNEN WIR DENNOCH FAHREN?' further supports that it is an outdoor track as rain would only be a concern for an outdoor facility. There is no mention of track length in meters or a multilevel design in either the website content or customer reviews.
813,Euro Dieppe Karting,,False,True,"The website explicitly states that karting is among the 'activités résolument tournées vers le plein air' (activities resolutely turned towards the open air) and mentions the complex is a 'site de 5 hectares', confirming it is an outdoor track. No information regarding the track length or if it is multilevel was found in either the website content or customer reviews."
246,Odenwaldring,,True,True,"No specific track length in meters is mentioned in the provided website content or customer reviews. The website explicitly offers 'INDOORKARTING' at 'Standort: Groß-Zimmern (Indoor)' and 'OUTDOORKARTING' at 'Standort: Schaafheim (Outdoor)'. The customer reviews also refer to 'the best outdoor track'. There is no information in either source to suggest the track(s) are multilevel, hence 'false' is assumed for this attribute."
82,Karting des Fagnes,1366.0,False,True,"The website explicitly states: 'Avec ses 1366 mètres de piste, le karting de Mariembourg est le plus grand circuit plein air de Karting en Belgique'. It consistently refers to itself as 'plein air' (outdoor). Customer reviews also describe it as an 'outdoor track'. There is no mention of an indoor or multilevel track."
542,MSC Marktleuthen Verkehrsübungsplatz,,,,"No data available (scrape failed, no reviews)"
2348,ACSIM,,,,"No information could be extracted. The website content returned a 404 error, and no customer reviews were provided."
1115,Race Planet Amsterdam,,True,False,"No specific track length is mentioned in either source. The track is inferred to be indoor because customer reviews consistently group karting with other indoor activities (such as laser gaming, bowling, and a kids' corner) without any mention of outdoor conditions. The track is identified as multi-level due to a review stating that 'carts have issues going up the hill on track number 2', clearly indicating elevation changes."
2391,Gymnase Henri Simon,,False,False,"The provided website content and customer reviews refer exclusively to a badminton club ('Versailles Badminton') operating at 'Gymnase Henri Simon'. There is no mention of a karting facility, tracks, or any related services in the supplied text."
285,Kart-Bahn,1600.0,True,False,"The website states 'das größte Indoor-E-Karting-Center der Welt' with 'vier beeindruckenden Rennstrecken, die sich über verschiedene Ebenen und eine Gesamtlänge von bis zu 1,6 km erstrecken.' This indicates it is indoor and multilevel. The length of 1.6 km (1600 meters) is given as the 'Gesamtlänge' (total length) across the four tracks, which is interpreted as the maximum configurable track length available, representing the main adult track experience. No outdoor tracks are mentioned."
945,Bretagne Karting,700.0,False,True,The Website explicitly states 'son circuit de karting de 700m de long' and 'Seule piste outdoor dans le secteur'. Customer reviews also confirm 'the outdoor course is great'. There is no mention of an indoor track or multi-level features in either source.
1526,Karting Sud,,False,True,"The website mentions 'three mythiques pistes' (three legendary tracks) but does not specify their characteristics. Customer reviews explicitly state 'this outdoor track next to the le mans complex', indicating it is an outdoor facility. There is no mention of indoor or multilevel tracks in either source, leading to 'false' for these with high confidence given the explicit 'outdoor' reference."
955,Virage du Karting,,False,True,"The customer review describes a 'karting corner' at 'circuit de la sarthe' (a well-known outdoor race track), noting it's a 'fast section with plenty of lateral force' and 'just after the porsche curves'. This strong association with an outdoor circuit, combined with the facility's name 'Virage du Karting' (Karting Turn), strongly suggests an outdoor track. No information regarding track length or multi-level aspects was provided."
714,Circuit Alain Prost,980.0,False,True,"The track length of 980 meters is explicitly mentioned in a customer review: 'on the 980 meters'. Neither the website content nor the reviews indicate an indoor or multi-level track. The facility's name 'Karting des 24 Heures du Mans', mentions of 'SUMMER RACE' and 'roulages moto', and the context of visiting during the 24 Hours of Le Mans event all strongly imply an outdoor circuit."
2356,Virtual Room Orléans,,False,False,"The provided website content and customer reviews explicitly describe 'Virtual Room Orléans' as a virtual reality (VR) collaborative game room, an experience combining escape games and cinema, with 'virtual adventures' and 'missions' like 'Astérix'. There is no mention of a physical karting track. Therefore, the requested data pertaining to a karting track's physical dimensions (length, indoor/outdoor/multilevel status) is not applicable to this facility."
1525,Karting Est,,False,True,"The website mentions that 'L’accès aux pistes sont possibles quelques soit la météo' and advises to call in case of 'intempéries (neige, verglas, orage…)', which strongly implies an outdoor track. Customer reviews explicitly state it's an 'outdoor track next to the Le Mans complex' and 'next to the Bugatti circuit'. Neither source mentions track length or multiple levels."
1151,Circuit C.I.K,816.0,False,True,"The website explicitly states the track length as '816 m de Longueur' twice and specifies it as 'en extérieur' and 'outdoor'. Reviews confirm the track has a 'unique gradient', and the website describes it as 'vallonnée' (hilly/undulating), indicating elevation changes. However, there is no mention of artificial multi-level structures like bridges or tunnels, so 'is_multilevel' is set to false based on common karting terminology."
1372,Karting l'Anneau du Rhin,,False,True,"Neither the website nor the customer reviews provide any information regarding the length of the karting track. The website lists 'KARTING' as an activity at 'Circuit de l'Anneau du Rhin'. Customer reviews consistently describe the venue as an 'racetrack' with 'picturesque landscapes' and 'surroundings are great', strongly implying an outdoor setting for the overall facility where karting is offered, with no indication of an indoor or multilevel track."
616,Kart Racer,,True,False,"The track length is not mentioned in either source. 'Is_indoor' is strongly indicated by multiple review mentions of 'lighting effects', 'LEDs', 'colors that change', and 'nitro karts'. There is no mention of an outdoor track. 'Is_multilevel' is explicitly stated in reviews as having a 'two-level layout' and 'small dip' with karts 'going uphill'."
1124,Made In Kart,1050.0,False,True,"The website explicitly states '1050m de sensations outdoor' and 'Notre piste de 1050 x 7m est homologuée UFOLEP catégorie 1.1.'. It also clarifies there are 'deux longueurs de piste, une piste loisirs de 850m et une piste compétition de 1050m', with 1050m being the longest and most prominent. The track is consistently described as 'outdoor'. There is no mention of indoor sections or multi-level features on the website. While one review mentions 'the slope was amazing', this indicates elevation changes, not necessarily a distinct multi-level structure typically associated with multi-level karting tracks."
1226,KartCenter,700.0,False,True,The website explicitly states 'Une piste de karting de 700m'. The website also describes 'activités de loisirs plein air' (outdoor leisure activities) and a 'terrasse panoramique ombragée donnant une large vue sur le circuit'. Reviews confirm it's an outdoor track by mentioning 'the wet track has its charm'. There is no mention of multiple levels in either source.
2376,Stade Siméon Belliard,,,,"No data available (scrape failed, no reviews)"
352,Kart2000,620.0,True,True,"The website explicitly states '620m Streckenlänge'. Both the website ('Indoor- und Outdoor-Strecke') and reviews ('when the weather's good, the track also opens up to the outdoors') confirm the presence of both indoor and outdoor sections. No mention of a multilevel track was found in either source."
740,Laval Loisirs Karting,,False,True,"Track length is not specified in either source. Both the website ('circuit Outdoor') and reviews ('magnificent outdoor track') explicitly state it is an outdoor track. There is no mention of an indoor track. While reviews mention a 'hilly track', this refers to terrain elevation changes common on outdoor circuits and does not imply a distinct multi-level design (e.g., multiple floors or significant bridges over other track sections)."
1117,Racing Kart du Mans,,False,True,"Track length is not mentioned in either the website or reviews. Website mentions needing to call for 'snow, ice, or storm', indicating an outdoor track. Reviews explicitly state 'outdoor track next to the le mans complex'. There is no mention of multiple levels, bridges, or tunnels in either source."
1287,Laval Kart Loisirs - Circuit Beausoleil,,False,True,"The website explicitly states it's an 'Outdoor circuit' and customer reviews confirm 'magnificent outdoor track'. There is no mention of an indoor track. Track length is not specified in either source. Reviews mention a 'hilly track' and 'slope', which indicates elevation changes, but not a true 'multilevel' design (e.g., bridges or distinct floors)."
1200,Kart de Foulain,,,,"No data available (scrape failed, no reviews)"
911,L'Indykarte,,,,"No data available (scrape failed, no reviews)"
332,Gaspedal,,,,"The provided WEBSITE CONTENT and CUSTOMER REVIEWS are for a Mercedes-Benz car dealership named 'Kestenholz', not a karting facility named 'Gaspedal'. No information regarding a karting track was found in either source."
166,DSP Drift- und Spielepark UG,,True,False,"The reviews do not provide any information regarding the track's length. However, a review mentions 'for the kids to play in bad weather', strongly indicating the facility, including the drift track, is indoors. There is no information to suggest an outdoor or multilevel track."
247,Traktorbahn,,False,False,"The provided 'WEBSITE CONTENT' and 'CUSTOMER REVIEWS' describe a funicular (Schlossbergbahn), not a karting facility named 'Traktorbahn'. Consequently, no data specific to a karting track's length, indoor/outdoor status, or multilevel nature could be extracted from the given sources. All track-related fields are set to null/false due to lack of relevant information."
1110,Karting du Sundgau,,False,True,"The website content was '404 Not Found'. Reviews explicitly state 'great outdoor track', confirming is_outdoor. There is no information about track length or if it is multilevel. 'is_indoor' is inferred as false due to the explicit mention of 'outdoor track' without any indication of an indoor section or track."
315,Indoor-Karting Rheinfelden,,True,False,"The website explicitly states it is one of the first 'Indoor-Kartbahnen' (Indoor-Kart tracks) in Germany, and its name is 'Indoor-Karting Rheinfelden'. Reviews also confirm it's an 'indoor race' and mention 'the hall'. For outdoor, the website directs users to a different location (Teningen) for 'Outdoor-Kart-Racing', strongly indicating Rheinfelden is not outdoor. There is no mention of multiple levels in either source. Regarding length, the website states the hall and track were 'wesentlich vergrössert' (significantly enlarged) in 2010, but provides no specific dimensions. Reviews describe it as a 'very small and slippery track (22-25 seconds per lap)', which contradicts 'significantly enlarged' somewhat but still doesn't provide a precise length in meters. Due to the lack of a specific measurement, length_meters is null, and confidence is low for this specific field."
504,Seealm-Ring,,,,"No data available (scrape failed, no reviews)"
456,Cross-Kart-Bahn,,True,False,The provided website content for 'Ecodrom' does not explicitly state the track length or if it is multilevel. The facility name 'Ecodrom' and the absence of any 'outdoor' specific terms or features suggest it is an indoor track. No customer reviews were provided to cross-reference.
652,Piste karting Selongey,,,,"No data available (scrape failed, no reviews)"
750,Go Kart 90,,True,False,The website explicitly states 'Un Karting Indoor Nouvelle Génération'. No mention of track length or multi-level features was found in either source. 'parcours de piste innovant' on the website is too vague to confirm multi-level.
625,Piste de Karting,,False,True,"The website explicitly states the track is 'Enchâssé au cœur d'un vallon verdoyant' (Nestled in the heart of a green valley), confirming it is outdoor. No specific length is provided. The description 'vallonnée' (hilly/undulating) refers to natural elevation changes, not engineered multi-level structures like bridges or tunnels typically implied by 'multilevel'."
620,Kart 56,,False,True,"The website explicitly mentions 'karting en plein air' and 'piste de karting outdoor de tout le morbihan', indicating it is an outdoor track. There is no mention of an indoor track or multiple levels. No specific track length in meters is provided."
961,Landes Karting,,,,"The provided website content was empty. The customer review only mentioned a talent scouting program and atmosphere, with no details about the track's length, type, or levels."
572,Tret Go Kart,780.0,False,True,"The website explicitly states 'die Rennpiste 780m Pistenlänge | 780 Meter lang'. The track is described as having seasonal operation (March-November) and 'Flutlichtfahren' (floodlight driving), which are characteristics of an outdoor track, making 'is_outdoor' true and 'is_indoor' false for Tret Go Kart. No mention of a multi-level design was found for this track. The 'Kartbahn Rheinfelden – Indoor Karting' section appears to be a separate facility being advertised."
309,KARTBAHN Alemannenring,280.0,True,False,"The website's 'Über uns' page explicitly states the track length as 'ca. 280 m je nach Streckenverlauf'. A customer review directly calls it an 'indoor go-kart track', which is also implied by the website's description of the bistro overlooking the entire track. There is no information or indication on the website or in reviews about an outdoor or multi-level track."
472,Kart-Trainingsgelände,,False,False,"The website content provides extensive details on pricing, booking, and operating hours, but it does not mention the track's length, whether it is indoor or outdoor, or if it has multiple levels. The provided customer reviews section was empty."
2380,ASIM Tennis,,False,False,"The provided website content for 'ASIM Tennis' clearly describes a tennis club with 6 tennis courts and 2 surfaces. There is no mention of karting, karting tracks, or any related facilities. Therefore, no data regarding karting track length, indoor/outdoor status, or multi-level features can be extracted as the facility is not a karting track."
884,Circuit de Kart-Cross,,False,False,"No specific track data (length, indoor/outdoor, multilevel) was provided in the website content or customer reviews."
863,Karting de Saint-Benoit sur Loire,1200.0,False,True,"The website explicitly states 'CIRCUIT DE 1200 M' and 'un circuit de 1200 m' multiple times for the track length. It also clearly identifies itself as 'LA SEULE PISTE OUTDOOR DU LOIRET', confirming it is an outdoor track with no indoor facilities. Customer reviews indirectly support the outdoor nature by mentioning 'sessions in the rain'. No information about multiple levels or elevation changes was found in either the website content or customer reviews."
351,Kartplatz Hof,,True,False,"The website explicitly states the facility is the 'größte Indoor-E-Karting-Center der Welt' and features tracks extending 'über verschiedene Ebenen' (over various levels). It provides a 'Gesamtlänge von bis zu 1,6 km' for its four tracks combined, but does not specify the length of an individual main adult track."
735,Kart indoor,,True,False,"The website states 'piste unique de 1 700 m²', which refers to the track's surface area, not its linear length. No track length in meters is provided. The website explicitly refers to itself as 'Kart indoor', 'le centre', and describes 'bonus virtuels projetés au sol' and 'piste lumineuse', all indicating an indoor facility. There is no mention or implication of an outdoor track. The website does not provide any information suggesting a multi-level track."
826,Dunois Kart,1200.0,True,True,"The website explicitly states '1200 mètres du circuit extérieur' which is described as 'rapide et technique' and 'Homologué par la FFSA', indicating it is the main adult track. It also mentions '400 mètres de circuit couvert' for the indoor track. Customer reviews confirm the existence of both an 'old indoor track' and an 'outdoor one'."
656,Kart Expo,800.0,False,True,"The website's 'la piste' subpage explicitly states 'La piste de 800 mètres éclairée' and describes it as a 'Véritable complexe de Karting extérieur', confirming length and outdoor status. Multiple customer reviews mention 'elevation changes', which strongly indicates a track with varying levels, leading to the 'is_multilevel' conclusion."
284,Kartbahn GRIP,,False,True,"Track length and multilevel status are not mentioned in either the website content or customer reviews. 'Is_indoor' and 'is_outdoor' are inferred from customer reviews that explicitly praise 'captivating mechanical karts' and state 'karts are powered by gasoline'. The consistent use of gasoline-powered karts, coupled with the absence of any mention of indoor facilities, weather-independent operation, or special ventilation systems (which would be crucial for indoor gasoline karting and typically highlighted), strongly suggests an outdoor track. There is no information to indicate two separate tracks (indoor and outdoor)."
211,KARTCENTER LANDSBERG,400.0,True,False,"The 'Streckenlayout' subpage of the website explicitly states 'Unsere Indoor-Strecke bietet... eine Streckenlänge von 400 Metern' and 'verläuft dabei auf 2,5 Ebenen. Das Streckenlayout weist dabei einen Höhenunterschied von ca. 3 Metern auf'. The website also frequently mentions 'Hallenfläche' and 'Halle', confirmed by a review mentioning 'enter the hall'. There is no mention of an outdoor track."
630,Circuit International de Karting d’Aunay-les-Bois,1215.0,False,True,"The website's 'La piste' subpage explicitly states 'Le circuit de 1215 m aux normes CIK/FIA', identifying the main track length. The main page refers to it as an 'piste internationale extérieure', confirming it is outdoor and not indoor. The mention of 'multi-niveaux' is specifically for the OUEST PAINTBALL terrain, not the karting track, thus it is not multi-level."
250,Kartbahn Urloffen,,False,True,"Reviews describe the facility as 'a beautiful go-kart track in urloffen, right next to the motorway' and mention it 'hosts the oldtimer winter challenge every january,' strongly indicating an outdoor track. No specific length is provided, but a review notes 'the track itself is quite small and has almost no straight sections,' which suggests a generally flat, compact design, making a multi-level structure unlikely."
1369,Speed Park,,True,False,"Track length is not mentioned in either the website content or customer reviews. The facility is explicitly described as 'indoor' by the website ('INDOOR ACTIVITIES', '5,300 m² complex dedicated to indoor leisure') and confirmed by reviews ('indoor karting'). No information about an outdoor track was found. There is no mention of the track being multi-level in either source, implying it is a single-level track."
767,Kartland,1500.0,False,True,"The website explicitly states: 'Une piste de 1500m au tracé unique dédiée aux licenciés', which is a main adult track. It also mentions '5 pistes outdoor pour tous les niveaux' and 'Circuit de karting outdoor', confirming it is entirely outdoor. The same licensed track is described as having 'son tracé unique et inédit (pont, banking, ...)', where 'pont' signifies a bridge, confirming multi-level aspects. While reviews mention 'how short it is', this is subjective and does not override the explicit website claim of a 1500m track, which is substantial for karting."
1571,Kids Safari,,,,"The provided customer reviews describe an animal safari with a 'tour' and 'train ride' offering 'view of the animals', rather than a karting facility. Consequently, there is no information available in the provided sources regarding the length, indoor/outdoor status, or multilevel nature of a karting track for 'Kids Safari'."
1155,Circuit Espace Plus,,,,"No data available (scrape failed, no reviews)"
772,Karting de Saint-Malo,,,,"The provided website content and customer reviews do not contain specific information regarding the track length, whether the track is indoor or outdoor, or if it is multilevel. The website mentions 'Un tracé unique et rapide' but provides no further precision on these attributes."
232,Cartion,,,,"No data available (scrape failed, no reviews)"
1288,"Speed Zone Flers - Complexe Indoor : Karting électrique, mini golf fluo, Salles de Karaoké, jeux d'arcade",,True,False,"The website title 'Speed Zone Flers - Complexe Indoor : Karting électrique...' explicitly states it is an 'Indoor Complex', confirming it's an indoor facility and implying it's not outdoor. No information regarding track length or if it is multi-level was found in either the website content or customer reviews."
764,Karting Buffo,900.0,True,True,"A review explicitly states 'the cashier was friendly and told us to do the 900-meter run outside.' The website mentions both 'karting indoor ou outdoor' and reviews confirm 'great track, both indoors and outdoors!' No information about a multilevel track was found in either source. Confidence is medium due to the track length coming from a single review, though it's the only specific number available."
408,Sensadrom Indoor E-Kartbahn,320.0,True,False,"The website explicitly states 'SENSADROM – UNSERE 320 M KARTBAHN' and 'Auf unserer rund 320 m langen Kartbahn...'. It is described as 'Indoor E-Kartbahn' and operating 'auf drei Ebenen' (on three levels). Customer reviews confirm the multi-level aspect ('mehrstöckigen Strecke', 'Bahn über 3 Etagen') and do not mention any outdoor track."
939,ClotKart,,False,True,"No specific track length is mentioned. Customer reviews explicitly state 'nice place for outdoor karting' and mention a 'gravel trap', confirming it is an outdoor track with no indication of an indoor track. The website describes the circuit as 'vallonné' (hilly/undulating), which indicates significant elevation changes, thus qualifying it as a multilevel track."
243,F1 motodrom,280.0,True,False,"The website explicitly states 'Bei der Zeitenjagd auf unserer Indoor-Kartbahn... Die 280 Meter lange Strecke' and later reiterates 'Bahnlänge von ca. 280 Meter'. Reviews mention it's a 'short track', which aligns with 280m. No mention of an outdoor or multi-level track in either source."
624,Kart'In,650.0,True,False,"The website explicitly describes 'un circuit indoor époustouflant, s’étendant sur plus de 650 mètres'. It consistently refers to an indoor track and makes no mention of an outdoor track. No features indicating a multilevel design (e.g., ramps, bridges) are described in the website content. Reviews provided no additional information."
883,Circuit Beltoise-Trappes,1700.0,True,True,"The website explicitly states '1 700 m de piste disponibles' for the main asphalt track, which is also used for karting and GT driving. It also mentions a 'Petite piste intérieure' for an indoor track and 'Piste compétition karting' and 'Piste loisir karting' which, along with the main asphalt track, are outdoor. There is no information provided about the track being multilevel."
874,Piste de Karting du Parc,1000.0,False,True,The website explicitly states 'un circuit asphalte d’un kilomètre' which translates to 1000 meters. There is no mention of an indoor track; descriptions like 'terrasse panoramique… une vue imprenable sur tout le circuit !' and 'circuit asphalte' strongly indicate an outdoor facility. There is no information provided about the track being multilevel.
809,Karting Enfants,1500.0,False,True,"Website explicitly states 'Une piste de 1500m au tracé unique dédiée aux licenciés' which is the main competition/adult track. It also states '5 pistes outdoor' and 'Circuit de karting outdoor', confirming it's outdoor. The licensed track features 'pont, banking' indicating it's multi-level."
1112,Karting Sud Toulois,,False,True,"The website content was empty. Reviews mention a 'supermoto bike riding between the rental kart sessions', which strongly suggests an outdoor track. No information was available regarding track length or if it is multilevel or indoor."
713,GP Circuit,,False,True,"Track length is not mentioned in either the website content or the reviews. The facility is consistently referred to as 'GP Circuit' and 'circuit' or 'track', terms typically associated with outdoor karting. There is no mention of the track being indoors or having multiple levels."
317,Bavaria Kart,,True,True,"Track length is not mentioned. Reviews explicitly state 'beautiful track with a good grip, both indoors and outdoors' and that 'when the weather's nice, you can leave the track and go…', indicating a hybrid indoor/outdoor track. There is no mention of multiple levels or elevation changes."
532,Audi Fahrtrainingsplatz,,,,No track-specific information was found in the provided website content or customer reviews.
1394,Karting's Passion,410.0,False,True,"The website explicitly states the track length is '410 mètres'. The website also describes the complex as 'complexe de karting extérieur', and customer reviews consistently mention it is an 'outdoor track'. There is no information regarding multiple levels found on the website or in reviews; this feature is typically highlighted if present, hence inferring 'false' with medium confidence due to lack of explicit confirmation."
460,Kart-Bahn Teningen,780.0,False,True,"The website explicitly states the track length as '780m Pistenlänge'. The website also mentions 'Flutlichtanlage' for night driving, a feature typical for outdoor tracks. A review confirms this by stating 'driving outdoors is definitely different from driving indoors', implying this track (Teningen) is outdoor. There is no information indicating a multi-level track."
914,Manacha Kart,600.0,False,True,"The website explicitly states 'CIRCUIT DE KARTING DE 600 MÈTRES !' multiple times. Both the website ('en pleine nature', 'au cœur des montagnes vosgiennes') and reviews (racing 'in the rain', 'track was still wet') confirm it is an outdoor track. There is no mention of multiple levels in either source."
1055,Sens Espaces Karting SARL,,False,True,"No specific track length in meters was found in the provided website content or customer reviews. The website repeatedly states the tracks are 'outdoor' ('en extérieur' and 'pistes outdoor') and reviews mention racing 'despite the heavy rain' and 'in the pouring rain', confirming an outdoor setting. One customer review explicitly describes the track as 'hilly', indicating elevation changes which aligns with 'multilevel'."
394,GoKartArena und Familienpark Neufinsing,,True,False,"The website describes BattleKart as featuring a 'virtual environment' and 'bonuses projected on the floor,' strongly indicating an indoor setting for the karting where such projections are feasible. No specific track length in meters or mention of multiple levels is provided in either the website content or customer reviews."
164,Kartbahn Ampfing,1063.0,False,True,"The 'die strecke' subpage explicitly states '1063 m Streckenlänge'. The website mentions 'Flutlicht' (floodlight) and a restaurant with a 'Sonnenterrasse' (sun terrace) where guests can watch karting, both strongly indicating an outdoor track. There is no information suggesting an indoor or multi-level track."
1148,Pôle mécanique de Mirecourt,,,,"The provided website content is generic and does not contain any information about 'Pôle mécanique de Mirecourt' or a karting track. The customer reviews consistently describe 'Pôle mécanique de Mirecourt' as a museum dedicated to mechanical music, not a karting facility. Therefore, no data related to a karting track (length, indoor/outdoor, multilevel) could be extracted from the given sources."
868,Db Karting,680.0,False,True,"The website explicitly states the track is '680 mètres d'asphalte'. The website implicitly indicates it's an outdoor track (asphalt, location 'Saint-Lyé', no mention of indoor), and customer reviews explicitly confirm 'it's outdoors'. There is no mention of multiple levels, bridges, or tunnels in either source, suggesting it is not a multilevel track."
1457,Kartcircuit Driebergen,750.0,False,True,"The website explicitly states 'De baan is 750 meter lang' and 'Lengte van de baan: 750 meter'. It also clearly states 'Kartcircuit Driebergen is een buitenbaan', indicating it is an outdoor track and not indoor. There is no mention of multiple levels, bridges, or tunnels, only a 'verscheidenheid aan bochten', suggesting a single-level track."
720,Brest karting électrique,540.0,True,False,"The website explicitly states, 'une piste d’une longueur de 540 mètres', and is further corroborated by a review from Frank Lucas mentioning 'piste de 540 m'. The website clearly identifies it as 'KARTING INDOOR ÉLECTRIQUE' and 'COMPLEXE INDOOR', which is consistent with reviews stating 'piste pour un indoor'. There is no mention of an outdoor or multi-level track in either the website content or the customer reviews."
430,Kartsportzentrum Rottal,,False,True,"Track length and multilevel information were not found in either source. 'is_indoor' is false because the website explicitly states 'Winterpause bis März 2026!', which is characteristic of an outdoor facility. 'is_outdoor' is true based on the 'Winterpause' on the website and the mention of a 'paddock' in the customer reviews, both strongly indicating an outdoor track. Confidence is Medium due to missing key data like length and multilevel status, but high for indoor/outdoor determination."
872,Piste de Karting de Charmes,700.0,False,True,"The Website's 'La Piste' subpage explicitly states 'La piste fait 700mX6m'. The seasonal closure ('Piste fermée période hivernale', 'Piste ouverte : de avril à octobre') strongly indicates it is an outdoor track. There is no mention of indoor or multi-level features."
626,Karting du Fouteau,884.0,False,True,"The website explicitly states 'circuit de 884m' and 'Notre piste de 884 mètres compte 15 virages techniques'. There is no mention of an indoor track; all descriptions point to an outdoor circuit in Montreuil-Poulay, Mayenne, also hosting motorcycles. There is no mention of multiple levels, bridges, or tunnels."
300,Ecodrom Kartbahn Neu-Ulm,,True,False,"Track length is not mentioned on the website. The presence of 'ARCADROM' and 'RESTAURANT GREEN' within the same complex, consistent late opening hours, and an industrial address strongly suggest an indoor facility, with no indications of an outdoor track. There is no mention of multiple levels or complex track features like bridges or tunnels."
1070,Kerlabo Kart,800.0,False,True,"The website explicitly states the main adult circuit is 'sur plus de 800 mètres'. Reviews explicitly mention a 'great outdoor track', which is consistent with the website's description of the track as 'vallonné' (hilly/undulating). The 'vallonné' description implies elevation changes due to natural terrain but does not indicate a constructed multi-level track."
390,Karting Paradies,2000.0,True,True,"The website main page explicitly states '2000 m Rennstrecke', '2 Ebenen' (2 levels), '2 Tunnel', '20 m Brücke' (20m bridge), and 'Indoor & Outdoor'. Customer reviews further confirm the indoor, outdoor, and multi-level nature of the track (e.g., 'beautiful inside and out', 'two-story indoor area', 'ground floor including basement')."
311,Racing Club Gevenich,,False,True,"The website content describes three RC tracks (Artificial Turf Offroad Track, Paved Onroad Track, Eifel Scale Park). For all tracks, only the area in square meters is provided (650qm, 550qm, 220qm), not a linear length. The website explicitly states that the layout and thus the track length for the main racing circuits can vary. No mention of indoor tracks is found; all descriptions imply outdoor operation ('Kunstrasen', 'Pflasterstrecke', events being affected by 'Wetter'). While the Offroad track mentions 'double jumps and large table' and the Scale Park mentions 'extremely difficult passages,' these refer to elevation changes or obstacles typical for RC offroad/crawler tracks, not a multi-level structure like different floors in a building (which 'multilevel' usually implies for karting facilities)."
